date,run_name,base_file,train_files,val_files,sample_hz,rgb_recon_size,lidar_size,lidar_fov,h_dim,z_dim,lr,max_steps,scheduler,batch_size,change_summary,final_val_metrics,notes,series
2026-05-07,trainer11_lowres_2hz,trainer11.ipynb,train_run_002.arrow,validation_run_008.arrow;validation_run_024.arrow,2,216x288,32x256,-30.0x10.0,128,64,1e-4,6000,none,2,"meeting ablation: lower reconstruction target, CARLA/MUVO LiDAR FOV projection, lower range view, 2Hz sampling, pkl manifest",,,trainer11_original
2026-05-07,trainer11_lowres_2hz,trainer11.ipynb,train_run_002.arrow,validation_run_008.arrow;validation_run_024.arrow,2.0,216x288,32x256,-30.0x10.0,128,64,0.0001,6000,none,2,"low-res reconstruction target, CARLA/MUVO LiDAR FOV projection, 32x256 range view, 2Hz sampling",val/RL_loss=55.5257; val/DS_loss=46.9296; val/RL_rgb_psnr=11.0378; val/DS_rgb_psnr=10.5809; val/RL_lidar_chamfer_xyz=2.35542; val/DS_lidar_chamfer_xyz=2.10613; val/RL_future_lidar_chamfer_xyz=2.33575; val/DS_future_lidar_chamfer_xyz=2.13284,log_dir=./logs/trainer11_lowres_2hz/version_0,trainer11_original
2026-05-07,trainer11_reviewed_v2_lossfix,trainer11_reviewed.ipynb,train_run_002.arrow,validation_run_008.arrow;validation_run_024.arrow,2.0,216x288,32x256,-30.0x10.0,128,64,0.0001,15000,OneCycleLR,2,"v2: loss 재균형(RGB×10, LiDAR×0.2), KL free-bits=1.0, OneCycleLR; v3: TBPTT stride, per-sample continuation mask, KL free-bits dim fix, ModelCheckpoint timing, imagine() crash guard; v4: imagine action off-by-one(last_obs prepend), per-sample cont tensor, viz stride 통일, KL plot title 수정; v5: TBPTT _tbptt_action carry(init_action), bool cont t>0 action[:t] 복원, throttle_brake/steering->action 합성, _observe_and_imagine prev_action masking",val/RL_loss=14.8436; val/DS_loss=13.5372; val/RL_rgb_psnr=10.7283; val/DS_rgb_psnr=11.0024; val/RL_lidar_chamfer_xyz=2.18161; val/DS_lidar_chamfer_xyz=2.13241; val/RL_future_lidar_chamfer_xyz=2.1541; val/DS_future_lidar_chamfer_xyz=2.12839,로그경로=./logs/trainer11_reviewed_v2_lossfix/version_0,trainer11_v2_v5
2026-05-08,trainer11_reviewed_v3_alldata,trainer11_reviewed.ipynb,train_run_002.arrow,validation_run_008.arrow;validation_run_024.arrow,2.0,216x288,32x256,-30.0x10.0,128,64,0.0001,15000,OneCycleLR,2,"v2: loss 재균형(RGB×10, LiDAR×0.2), KL free-bits=1.0, OneCycleLR; v3: TBPTT stride, per-sample continuation mask, KL free-bits dim fix, ModelCheckpoint timing, imagine() crash guard; v4: imagine action off-by-one(last_obs prepend), per-sample cont tensor, viz stride 통일, KL plot title 수정; v5: TBPTT _tbptt_action carry(init_action), bool cont t>0 action[:t] 복원, throttle_brake/steering->action 합성, _observe_and_imagine prev_action masking; v3_alldata: USE_ALL_TRAIN_RUNS=True (22개 파일 전체 사용)",val/RL_loss=15.6297; val/DS_loss=13.0647; val/RL_rgb_psnr=11.1734; val/DS_rgb_psnr=11.743; val/RL_lidar_chamfer_xyz=2.28797; val/DS_lidar_chamfer_xyz=2.08429; val/RL_future_lidar_chamfer_xyz=2.27955; val/DS_future_lidar_chamfer_xyz=2.07454,로그경로=./logs/trainer11_reviewed_v3_alldata/version_0,trainer11_v2_v5
2026-05-08,trainer11_reviewed_v3_alldata_warmup,trainer11_reviewed.ipynb,train_run_002.arrow;train_run_003.arrow;train_run_005.arrow;train_run_006.arrow;train_run_007.arrow;train_run_010.arrow;train_run_011.arrow;train_run_012.arrow;train_run_013.arrow;train_run_014.arrow;train_run_017.arrow;train_run_018.arrow;train_run_019.arrow;train_run_020.arrow;train_run_022.arrow;train_run_023.arrow;train_run_025.arrow;train_run_026.arrow;train_run_027.arrow;train_run_028.arrow;train_run_029.arrow;train_run_030.arrow,validation_run_008.arrow;validation_run_024.arrow,2.0,216x288,32x256,-30.0x10.0,128,64,0.0001,15000,OneCycleLR,2,"v2: loss 재균형(RGB×10, LiDAR×0.2), KL free-bits=1.0, OneCycleLR; v3: TBPTT stride, per-sample continuation mask, KL free-bits dim fix, ModelCheckpoint timing, imagine() crash guard; v4: imagine action off-by-one(last_obs prepend), per-sample cont tensor, viz stride 통일, KL plot title 수정; v5: TBPTT _tbptt_action carry(init_action), bool cont t>0 action[:t] 복원, throttle_brake/steering->action 합성, _observe_and_imagine prev_action masking; v3_alldata_warmup: USE_ALL_TRAIN_RUNS=True 실제 전체 manifest 사용, current-run viz/log lookup",val/RL_loss=17.294; val/DS_loss=13.5966; val/RL_rgb_psnr=11.3339; val/DS_rgb_psnr=11.8068; val/RL_lidar_chamfer_xyz=2.67197; val/DS_lidar_chamfer_xyz=2.26311; val/RL_future_lidar_chamfer_xyz=2.49361; val/DS_future_lidar_chamfer_xyz=2.14876,로그경로=./logs/trainer11_reviewed_v3_alldata_warmup/version_0,trainer11_v2_v5
2026-05-08,trainer11_reviewed_v3_alldata_warmup_noearlystop,trainer11_reviewed.ipynb,train_run_002.arrow;train_run_003.arrow;train_run_005.arrow;train_run_006.arrow;train_run_007.arrow;train_run_010.arrow;train_run_011.arrow;train_run_012.arrow;train_run_013.arrow;train_run_014.arrow;train_run_017.arrow;train_run_018.arrow;train_run_019.arrow;train_run_020.arrow;train_run_022.arrow;train_run_023.arrow;train_run_025.arrow;train_run_026.arrow;train_run_027.arrow;train_run_028.arrow;train_run_029.arrow;train_run_030.arrow,validation_run_008.arrow;validation_run_024.arrow,2.0,216x288,32x256,-30.0x10.0,128,64,0.0001,15000,OneCycleLR,2,"v2: loss 재균형(RGB×10, LiDAR×0.2), KL free-bits=1.0, OneCycleLR; v3: TBPTT stride, per-sample continuation mask, KL free-bits dim fix, ModelCheckpoint timing, imagine() crash guard; v4: imagine action off-by-one(last_obs prepend), per-sample cont tensor, viz stride 통일, KL plot title 수정; v5: TBPTT _tbptt_action carry(init_action), bool cont t>0 action[:t] 복원, throttle_brake/steering->action 합성, _observe_and_imagine prev_action masking; v3_alldata_warmup_noearlystop: USE_ALL_TRAIN_RUNS=True 실제 전체 manifest 사용, EarlyStopping 제거 후 max_steps=15000까지 warmup 실행, current-run viz/log lookup",val/RL_loss=15.212; val/DS_loss=12.4037; val/RL_rgb_psnr=11.4001; val/DS_rgb_psnr=12.0347; val/RL_lidar_chamfer_xyz=2.39902; val/DS_lidar_chamfer_xyz=2.14319; val/RL_future_lidar_chamfer_xyz=2.38224; val/DS_future_lidar_chamfer_xyz=2.12717,로그경로=./logs/trainer11_reviewed_v3_alldata_warmup_noearlystop/version_1,trainer11_v2_v5
2026-05-08,trainer11_reviewed_v4_alldata_40epoch,trainer11_reviewed.ipynb,train_run_002.arrow;train_run_003.arrow;train_run_005.arrow;train_run_006.arrow;train_run_007.arrow;train_run_010.arrow;train_run_011.arrow;train_run_012.arrow;train_run_013.arrow;train_run_014.arrow;train_run_017.arrow;train_run_018.arrow;train_run_019.arrow;train_run_020.arrow;train_run_022.arrow;train_run_023.arrow;train_run_025.arrow;train_run_026.arrow;train_run_027.arrow;train_run_028.arrow;train_run_029.arrow;train_run_030.arrow,validation_run_008.arrow;validation_run_024.arrow,2.0,216x288,32x256,-30.0x10.0,128,64,0.0001,150000,OneCycleLR,2,"v2: loss 재균형(RGB×10, LiDAR×0.2), KL free-bits=1.0, OneCycleLR; v3: TBPTT stride, per-sample continuation mask, KL free-bits dim fix, ModelCheckpoint timing, imagine() crash guard; v4: imagine action off-by-one(last_obs prepend), per-sample cont tensor, viz stride 통일, KL plot title 수정; v5: TBPTT _tbptt_action carry(init_action), bool cont t>0 action[:t] 복원, throttle_brake/steering->action 합성, _observe_and_imagine prev_action masking; v4_alldata_40epoch: USE_ALL_TRAIN_RUNS=True 실제 전체 manifest 사용, EarlyStopping 없이 약 40 epoch(150000 steps) longrun 실행, ModelCheckpoint monitor=val/DS_loss save_top_k=5, best checkpoint 기반 시각화",val/RL_loss=14.7343; val/DS_loss=12.1828; val/RL_rgb_psnr=10.7317; val/DS_rgb_psnr=11.1285; val/RL_lidar_chamfer_xyz=2.13728; val/DS_lidar_chamfer_xyz=1.8468; val/RL_future_lidar_chamfer_xyz=2.03634; val/DS_future_lidar_chamfer_xyz=1.7871,로그경로=./logs/trainer11_reviewed_v4_alldata_40epoch/version_0,trainer11_v2_v5
2026-05-11,trainer11_server_tiny_overfit_defs_smoke,trainer11_reviewed.ipynb,train_run_002.arrow,validation_run_008.arrow;validation_run_024.arrow,2.0,216x288,32x256,-30.0x10.0,128,64,0.0003,1,none,,(reconstructed from hparams.yaml on 2026-05-15; CSV row was missing),train_loss_epoch=76.966,log path=logs/trainer11_server_tiny_overfit_defs_smoke,smoke_throwaway
2026-05-11,trainer11_server_tiny_overfit_scripts_smoke,trainer11_reviewed.ipynb,train_run_002.arrow,validation_run_008.arrow;validation_run_024.arrow,2.0,216x288,32x256,-30.0x10.0,128,64,0.0003,1,none,,(reconstructed from hparams.yaml on 2026-05-15; CSV row was missing),train_loss_epoch=76.993,log path=logs/trainer11_server_tiny_overfit_scripts_smoke,smoke_throwaway
2026-05-11,trainer11_server_tiny_overfit_smoke,trainer11_reviewed.ipynb,train_run_002.arrow,validation_run_008.arrow;validation_run_024.arrow,2.0,216x288,32x256,-30.0x10.0,128,64,0.0003,1,none,,(reconstructed from hparams.yaml on 2026-05-15; CSV row was missing),train_loss_epoch=77.0117,log path=logs/trainer11_server_tiny_overfit_smoke,smoke_throwaway
2026-05-11,trainer11_tiny_overfit_smoke,trainer11_reviewed.ipynb,train_run_002.arrow,validation_run_008.arrow;validation_run_024.arrow,2.0,216x288,32x256,-30.0x10.0,128,64,0.0003,1,none,,(reconstructed from hparams.yaml on 2026-05-15; CSV row was missing),train_loss_epoch=77.0216,log path=logs/trainer11_tiny_overfit_smoke,smoke_throwaway
2026-05-13,decoder512_pooling44_switch_pooling_epochs_200_hiddenstate_512_loss_weight,trainer11_reviewed.ipynb,train_run_002.arrow;train_run_003.arrow;train_run_005.arrow;train_run_006.arrow;train_run_007.arrow;train_run_010.arrow;train_run_011.arrow;train_run_012.arrow;train_run_013.arrow;train_run_014.arrow;train_run_017.arrow;train_run_018.arrow;train_run_019.arrow;train_run_020.arrow;train_run_022.arrow;train_run_023.arrow;train_run_025.arrow;train_run_026.arrow;train_run_027.arrow;train_run_028.arrow;train_run_029.arrow;train_run_030.arrow,validation_run_008.arrow;validation_run_024.arrow,2.0,216x288,32x256,-30.0x10.0,256,128,0.0001,2200,OneCycleLR,2,"v2: loss 재균형(RGB×10, LiDAR×0.2), KL free-bits=1.0, OneCycleLR; v3: TBPTT stride, per-sample continuation mask, KL free-bits dim fix, ModelCheckpoint timing, imagine() crash guard; v4: imagine action off-by-one(last_obs prepend), per-sample cont tensor, viz stride 통일, KL plot title 수정; v5: TBPTT _tbptt_action carry(init_action), bool cont t>0 action[:t] 복원, throttle_brake/steering->action 합성, _observe_and_imagine prev_action masking; v3_alldata_warmup_noearlystop: USE_ALL_TRAIN_RUNS=True 실제 전체 manifest 사용, EarlyStopping 제거, max_epochs 기준으로 warmup 실행",,max_epochs=200; 로그경로=./logs/decoder512_pooling44_switch_pooling_epochs_200_hiddenstate_512_loss_weight/version_0,trainer11_original
2026-05-13,epochs_400_hiddenstate_256_loss_weight,trainer11_reviewed.ipynb,train_run_002.arrow;train_run_003.arrow;train_run_005.arrow;train_run_006.arrow;train_run_007.arrow;train_run_010.arrow;train_run_011.arrow;train_run_012.arrow;train_run_013.arrow;train_run_014.arrow;train_run_017.arrow;train_run_018.arrow;train_run_019.arrow;train_run_020.arrow;train_run_022.arrow;train_run_023.arrow;train_run_025.arrow;train_run_026.arrow;train_run_027.arrow;train_run_028.arrow;train_run_029.arrow;train_run_030.arrow,validation_run_008.arrow;validation_run_024.arrow,2.0,216x288,32x256,-30.0x10.0,256,128,0.0001,4400,OneCycleLR,2,"v2: loss 재균형(RGB×10, LiDAR×0.2), KL free-bits=1.0, OneCycleLR; v3: TBPTT stride, per-sample continuation mask, KL free-bits dim fix, ModelCheckpoint timing, imagine() crash guard; v4: imagine action off-by-one(last_obs prepend), per-sample cont tensor, viz stride 통일, KL plot title 수정; v5: TBPTT _tbptt_action carry(init_action), bool cont t>0 action[:t] 복원, throttle_brake/steering->action 합성, _observe_and_imagine prev_action masking; v3_alldata_warmup_noearlystop: USE_ALL_TRAIN_RUNS=True 실제 전체 manifest 사용, EarlyStopping 제거, max_epochs 기준으로 warmup 실행",,max_epochs=400; 로그경로=./logs/epochs_400_hiddenstate_256_loss_weight/version_0,trainer11_original
2026-05-13,hiddenstate_256_loss_weight,trainer11_reviewed.ipynb,train_run_002.arrow;train_run_003.arrow;train_run_005.arrow;train_run_006.arrow;train_run_007.arrow;train_run_010.arrow;train_run_011.arrow;train_run_012.arrow;train_run_013.arrow;train_run_014.arrow;train_run_017.arrow;train_run_018.arrow;train_run_019.arrow;train_run_020.arrow;train_run_022.arrow;train_run_023.arrow;train_run_025.arrow;train_run_026.arrow;train_run_027.arrow;train_run_028.arrow;train_run_029.arrow;train_run_030.arrow,validation_run_008.arrow;validation_run_024.arrow,2.0,216x288,32x256,-30.0x10.0,256,128,0.0001,2200,OneCycleLR,2,"v2: loss 재균형(RGB×10, LiDAR×0.2), KL free-bits=1.0, OneCycleLR; v3: TBPTT stride, per-sample continuation mask, KL free-bits dim fix, ModelCheckpoint timing, imagine() crash guard; v4: imagine action off-by-one(last_obs prepend), per-sample cont tensor, viz stride 통일, KL plot title 수정; v5: TBPTT _tbptt_action carry(init_action), bool cont t>0 action[:t] 복원, throttle_brake/steering->action 합성, _observe_and_imagine prev_action masking; v3_alldata_warmup_noearlystop: USE_ALL_TRAIN_RUNS=True 실제 전체 manifest 사용, EarlyStopping 제거, max_epochs 기준으로 warmup 실행",,max_epochs=200; 로그경로=./logs/hiddenstate_256_loss_weight/version_0,trainer11_original
2026-05-13,overfitting_decoder512_pooling44_switch_pooling_epochs_200_hiddenstate_512_loss_weight,trainer11_reviewed.ipynb,train_run_002.arrow;train_run_003.arrow;train_run_005.arrow;train_run_006.arrow;train_run_007.arrow;train_run_010.arrow;train_run_011.arrow;train_run_012.arrow;train_run_013.arrow;train_run_014.arrow;train_run_017.arrow;train_run_018.arrow;train_run_019.arrow;train_run_020.arrow;train_run_022.arrow;train_run_023.arrow;train_run_025.arrow;train_run_026.arrow;train_run_027.arrow;train_run_028.arrow;train_run_029.arrow;train_run_030.arrow,train_run_002.arrow;train_run_003.arrow;train_run_005.arrow;train_run_006.arrow;train_run_007.arrow;train_run_010.arrow;train_run_011.arrow;train_run_012.arrow;train_run_013.arrow;train_run_014.arrow;train_run_017.arrow;train_run_018.arrow;train_run_019.arrow;train_run_020.arrow;train_run_022.arrow;train_run_023.arrow;train_run_025.arrow;train_run_026.arrow;train_run_027.arrow;train_run_028.arrow;train_run_029.arrow;train_run_030.arrow;train_run_002.arrow;train_run_003.arrow;train_run_005.arrow;train_run_006.arrow;train_run_007.arrow;train_run_010.arrow;train_run_011.arrow;train_run_012.arrow;train_run_013.arrow;train_run_014.arrow;train_run_017.arrow;train_run_018.arrow;train_run_019.arrow;train_run_020.arrow;train_run_022.arrow;train_run_023.arrow;train_run_025.arrow;train_run_026.arrow;train_run_027.arrow;train_run_028.arrow;train_run_029.arrow;train_run_030.arrow,2.0,216x288,32x256,-30.0x10.0,256,128,0.0001,800,OneCycleLR,2,"v2: loss 재균형(RGB×10, LiDAR×0.2), KL free-bits=1.0, OneCycleLR; v3: TBPTT stride, per-sample continuation mask, KL free-bits dim fix, ModelCheckpoint timing, imagine() crash guard; v4: imagine action off-by-one(last_obs prepend), per-sample cont tensor, viz stride 통일, KL plot title 수정; v5: TBPTT _tbptt_action carry(init_action), bool cont t>0 action[:t] 복원, throttle_brake/steering->action 합성, _observe_and_imagine prev_action masking; v3_alldata_warmup_noearlystop: USE_ALL_TRAIN_RUNS=True 실제 전체 manifest 사용, EarlyStopping 제거, max_epochs 기준으로 warmup 실행",,max_epochs=200; 로그경로=./logs/overfitting_decoder512_pooling44_switch_pooling_epochs_200_hiddenstate_512_loss_weight/version_2,trainer11_original
2026-05-13,pooling44_switch_pooling_epochs_200_hiddenstate_256_loss_weight,trainer11_reviewed.ipynb,train_run_002.arrow;train_run_003.arrow;train_run_005.arrow;train_run_006.arrow;train_run_007.arrow;train_run_010.arrow;train_run_011.arrow;train_run_012.arrow;train_run_013.arrow;train_run_014.arrow;train_run_017.arrow;train_run_018.arrow;train_run_019.arrow;train_run_020.arrow;train_run_022.arrow;train_run_023.arrow;train_run_025.arrow;train_run_026.arrow;train_run_027.arrow;train_run_028.arrow;train_run_029.arrow;train_run_030.arrow,validation_run_008.arrow;validation_run_024.arrow,2.0,216x288,32x256,-30.0x10.0,256,128,0.0001,2200,OneCycleLR,2,"v2: loss 재균형(RGB×10, LiDAR×0.2), KL free-bits=1.0, OneCycleLR; v3: TBPTT stride, per-sample continuation mask, KL free-bits dim fix, ModelCheckpoint timing, imagine() crash guard; v4: imagine action off-by-one(last_obs prepend), per-sample cont tensor, viz stride 통일, KL plot title 수정; v5: TBPTT _tbptt_action carry(init_action), bool cont t>0 action[:t] 복원, throttle_brake/steering->action 합성, _observe_and_imagine prev_action masking; v3_alldata_warmup_noearlystop: USE_ALL_TRAIN_RUNS=True 실제 전체 manifest 사용, EarlyStopping 제거, max_epochs 기준으로 warmup 실행",,max_epochs=200; 로그경로=./logs/pooling44_switch_pooling_epochs_200_hiddenstate_256_loss_weight/version_0,trainer11_original
2026-05-13,switch_pooling__epochs_200_hiddenstate_256_loss_weight,trainer11_reviewed.ipynb,train_run_002.arrow;train_run_003.arrow;train_run_005.arrow;train_run_006.arrow;train_run_007.arrow;train_run_010.arrow;train_run_011.arrow;train_run_012.arrow;train_run_013.arrow;train_run_014.arrow;train_run_017.arrow;train_run_018.arrow;train_run_019.arrow;train_run_020.arrow;train_run_022.arrow;train_run_023.arrow;train_run_025.arrow;train_run_026.arrow;train_run_027.arrow;train_run_028.arrow;train_run_029.arrow;train_run_030.arrow,validation_run_008.arrow;validation_run_024.arrow,2.0,216x288,32x256,-30.0x10.0,256,128,0.0001,2200,OneCycleLR,2,"v2: loss 재균형(RGB×10, LiDAR×0.2), KL free-bits=1.0, OneCycleLR; v3: TBPTT stride, per-sample continuation mask, KL free-bits dim fix, ModelCheckpoint timing, imagine() crash guard; v4: imagine action off-by-one(last_obs prepend), per-sample cont tensor, viz stride 통일, KL plot title 수정; v5: TBPTT _tbptt_action carry(init_action), bool cont t>0 action[:t] 복원, throttle_brake/steering->action 합성, _observe_and_imagine prev_action masking; v3_alldata_warmup_noearlystop: USE_ALL_TRAIN_RUNS=True 실제 전체 manifest 사용, EarlyStopping 제거, max_epochs 기준으로 warmup 실행",,max_epochs=200; 로그경로=./logs/switch_pooling__epochs_200_hiddenstate_256_loss_weight/version_0,trainer11_original
2026-05-13,trainer11_files_epoch200_bestckpt_viz,trainer11_reviewed.ipynb,train_run_002.arrow;train_run_003.arrow;train_run_005.arrow;train_run_006.arrow;train_run_007.arrow;train_run_010.arrow;train_run_011.arrow;train_run_012.arrow;train_run_013.arrow;train_run_014.arrow;train_run_017.arrow;train_run_018.arrow;train_run_019.arrow;train_run_020.arrow;train_run_022.arrow;train_run_023.arrow;train_run_025.arrow;train_run_026.arrow;train_run_027.arrow;train_run_028.arrow;train_run_029.arrow;train_run_030.arrow,validation_run_008.arrow;validation_run_024.arrow,2.0,216x288,32x256,-30.0x10.0,128,64,0.0001,2200,OneCycleLR,2,"v2: loss 재균형(RGB×10, LiDAR×0.2), KL free-bits=1.0, OneCycleLR; v3: TBPTT stride, per-sample continuation mask, KL free-bits dim fix, ModelCheckpoint timing, imagine() crash guard; v4: imagine action off-by-one(last_obs prepend), per-sample cont tensor, viz stride 통일, KL plot title 수정; v5: TBPTT _tbptt_action carry(init_action), bool cont t>0 action[:t] 복원, throttle_brake/steering->action 합성, _observe_and_imagine prev_action masking; v3_alldata_warmup_noearlystop: USE_ALL_TRAIN_RUNS=True 실제 전체 manifest 사용, EarlyStopping 제거, max_epochs 기준으로 warmup 실행",,max_epochs=200; 로그경로=./logs/trainer11_files_epoch200_bestckpt_viz/version_0,trainer11_original
2026-05-13,trainer11_recon150x200,trainer11_reviewed_alldata_40epoch_server.ipynb,ALL_TRAIN_RUNS,validation_run_008.arrow;validation_run_024.arrow,2.0,150x200,32x256,-30.0x10.0,256,128,0.0001,124200,OneCycleLR,,(reconstructed from hparams.yaml on 2026-05-15; CSV row was missing),val/RL_loss=32.9245; val/DS_loss=24.1304; val/RL_rgb_psnr=15.0031; val/DS_rgb_psnr=17.0793; val/RL_lidar_chamfer_xyz=1.52777; val/DS_lidar_chamfer_xyz=1.3213; train_loss_epoch=16.3632,log path=logs/trainer11_recon150x200,server_runs
2026-05-13,trainer11_reviewed_v3_alldata_warmup_noearlystop,trainer11_reviewed.ipynb,train_run_002.arrow;train_run_003.arrow;train_run_005.arrow;train_run_006.arrow;train_run_007.arrow;train_run_010.arrow;train_run_011.arrow;train_run_012.arrow;train_run_013.arrow;train_run_014.arrow;train_run_017.arrow;train_run_018.arrow;train_run_019.arrow;train_run_020.arrow;train_run_022.arrow;train_run_023.arrow;train_run_025.arrow;train_run_026.arrow;train_run_027.arrow;train_run_028.arrow;train_run_029.arrow;train_run_030.arrow,validation_run_008.arrow;validation_run_024.arrow,2.0,216x288,32x256,-30.0x10.0,128,64,0.0001,400,OneCycleLR,2,"v2: loss 재균형(RGB×10, LiDAR×0.2), KL free-bits=1.0, OneCycleLR; v3: TBPTT stride, per-sample continuation mask, KL free-bits dim fix, ModelCheckpoint timing, imagine() crash guard; v4: imagine action off-by-one(last_obs prepend), per-sample cont tensor, viz stride 통일, KL plot title 수정; v5: TBPTT _tbptt_action carry(init_action), bool cont t>0 action[:t] 복원, throttle_brake/steering->action 합성, _observe_and_imagine prev_action masking; v3_alldata_warmup_noearlystop: USE_ALL_TRAIN_RUNS=True 실제 전체 manifest 사용, EarlyStopping 제거 후 max_steps=15000까지 warmup 실행",,로그경로=./logs/trainer11_reviewed_v3_alldata_warmup_noearlystop/version_1,trainer11_v2_v5
2026-05-13,trainer11_reviewed_v3_alldata_warmup_noearlystop,trainer11_reviewed.ipynb,train_run_002.arrow;train_run_003.arrow;train_run_005.arrow;train_run_006.arrow;train_run_007.arrow;train_run_010.arrow;train_run_011.arrow;train_run_012.arrow;train_run_013.arrow;train_run_014.arrow;train_run_017.arrow;train_run_018.arrow;train_run_019.arrow;train_run_020.arrow;train_run_022.arrow;train_run_023.arrow;train_run_025.arrow;train_run_026.arrow;train_run_027.arrow;train_run_028.arrow;train_run_029.arrow;train_run_030.arrow,validation_run_008.arrow;validation_run_024.arrow,2.0,216x288,32x256,-30.0x10.0,128,64,0.0001,400,OneCycleLR,2,"v2: loss 재균형(RGB×10, LiDAR×0.2), KL free-bits=1.0, OneCycleLR; v3: TBPTT stride, per-sample continuation mask, KL free-bits dim fix, ModelCheckpoint timing, imagine() crash guard; v4: imagine action off-by-one(last_obs prepend), per-sample cont tensor, viz stride 통일, KL plot title 수정; v5: TBPTT _tbptt_action carry(init_action), bool cont t>0 action[:t] 복원, throttle_brake/steering->action 합성, _observe_and_imagine prev_action masking; v3_alldata_warmup_noearlystop: USE_ALL_TRAIN_RUNS=True 실제 전체 manifest 사용, EarlyStopping 제거 후 max_steps=15000까지 warmup 실행",,로그경로=./logs/trainer11_reviewed_v3_alldata_warmup_noearlystop/version_2,trainer11_v2_v5
2026-05-14,muvo_smoke_1window,train_muvo.py,train_run_002.arrow,train_run_002.arrow;train_run_002.arrow,2.0,216x288,32x1024,-30.0x10.0,512,256,0.0001,1,OneCycleLR,1,"MUVO-style alpha: 320x800 center-cropped image input, 32x1024 LiDAR range-view with 40m scaling, ResNet18 multi-scale FPN to 256 channels, 3-layer sensor fusion transformer, RSSM h512/z256.",val/RL_loss=1.65783; val/DS_loss=1.65673; val/RL_rgb_psnr=6.62056; val/DS_rgb_psnr=6.62056; val/RL_lidar_chamfer_xyz=10.5193; val/DS_lidar_chamfer_xyz=10.5194; val/RL_future_lidar_chamfer_xyz=12.2682; val/DS_future_lidar_chamfer_xyz=12.2682,max_epochs=1; 로그경로=./logs/muvo_smoke_1window/version_0,muvo_branch_initial
2026-05-14,name=muvo_one_window_overfit_100,train_muvo.py,train_run_002.arrow;train_run_003.arrow;train_run_005.arrow;train_run_006.arrow;train_run_007.arrow;train_run_010.arrow;train_run_011.arrow;train_run_012.arrow;train_run_013.arrow;train_run_014.arrow;train_run_017.arrow;train_run_018.arrow;train_run_019.arrow;train_run_020.arrow;train_run_022.arrow;train_run_023.arrow;train_run_025.arrow;train_run_026.arrow;train_run_027.arrow;train_run_028.arrow;train_run_029.arrow;train_run_030.arrow,train_run_002.arrow;train_run_003.arrow;train_run_005.arrow;train_run_006.arrow;train_run_007.arrow;train_run_010.arrow;train_run_011.arrow;train_run_012.arrow;train_run_013.arrow;train_run_014.arrow;train_run_017.arrow;train_run_018.arrow;train_run_019.arrow;train_run_020.arrow;train_run_022.arrow;train_run_023.arrow;train_run_025.arrow;train_run_026.arrow;train_run_027.arrow;train_run_028.arrow;train_run_029.arrow;train_run_030.arrow;train_run_002.arrow;train_run_003.arrow;train_run_005.arrow;train_run_006.arrow;train_run_007.arrow;train_run_010.arrow;train_run_011.arrow;train_run_012.arrow;train_run_013.arrow;train_run_014.arrow;train_run_017.arrow;train_run_018.arrow;train_run_019.arrow;train_run_020.arrow;train_run_022.arrow;train_run_023.arrow;train_run_025.arrow;train_run_026.arrow;train_run_027.arrow;train_run_028.arrow;train_run_029.arrow;train_run_030.arrow,2.0,216x288,32x1024,-30.0x10.0,512,256,0.0001,800,OneCycleLR,1,"MUVO-style alpha: 320x800 center-cropped image input, 32x1024 LiDAR range-view with 40m scaling, ResNet18 multi-scale FPN to 256 channels, 3-layer sensor fusion transformer, RSSM h512/z256.",,max_epochs=100; 로그경로=./logs/name=muvo_one_window_overfit_100/version_0,muvo_branch_initial
2026-05-14,one_window_overfit_train002_100epoch,trainer11_reviewed.ipynb,train_run_002.arrow,train_run_002.arrow;train_run_002.arrow,2.0,216x288,32x256,-30.0x10.0,256,128,0.0001,100,OneCycleLR,1,"v2: loss 재균형(RGB×10, LiDAR×0.2), KL free-bits=1.0, OneCycleLR; v3: TBPTT stride, per-sample continuation mask, KL free-bits dim fix, ModelCheckpoint timing, imagine() crash guard; v4: imagine action off-by-one(last_obs prepend), per-sample cont tensor, viz stride 통일, KL plot title 수정; v5: TBPTT _tbptt_action carry(init_action), bool cont t>0 action[:t] 복원, throttle_brake/steering->action 합성, _observe_and_imagine prev_action masking; v3_alldata_warmup_noearlystop: USE_ALL_TRAIN_RUNS=True 실제 전체 manifest 사용, EarlyStopping 제거, max_epochs 기준으로 warmup 실행",,max_epochs=100; 로그경로=./logs/one_window_overfit_train002_100epoch/version_0,alpha_overfit_baselines
2026-05-14,one_window_overfit_train002_200epoch,trainer11_reviewed.ipynb,train_run_002.arrow,train_run_002.arrow;train_run_002.arrow,2.0,216x288,32x256,-30.0x10.0,256,128,0.0001,200,OneCycleLR,1,"v2: loss 재균형(RGB×10, LiDAR×0.2), KL free-bits=1.0, OneCycleLR; v3: TBPTT stride, per-sample continuation mask, KL free-bits dim fix, ModelCheckpoint timing, imagine() crash guard; v4: imagine action off-by-one(last_obs prepend), per-sample cont tensor, viz stride 통일, KL plot title 수정; v5: TBPTT _tbptt_action carry(init_action), bool cont t>0 action[:t] 복원, throttle_brake/steering->action 합성, _observe_and_imagine prev_action masking; v3_alldata_warmup_noearlystop: USE_ALL_TRAIN_RUNS=True 실제 전체 manifest 사용, EarlyStopping 제거, max_epochs 기준으로 warmup 실행",,max_epochs=200; 로그경로=./logs/one_window_overfit_train002_200epoch/version_0,alpha_overfit_baselines
2026-05-14,one_window_overfit_train002_400epoch,trainer11_reviewed.ipynb,train_run_002.arrow,train_run_002.arrow;train_run_002.arrow,2.0,216x288,32x256,-30.0x10.0,256,128,0.0001,400,OneCycleLR,1,"v2: loss 재균형(RGB×10, LiDAR×0.2), KL free-bits=1.0, OneCycleLR; v3: TBPTT stride, per-sample continuation mask, KL free-bits dim fix, ModelCheckpoint timing, imagine() crash guard; v4: imagine action off-by-one(last_obs prepend), per-sample cont tensor, viz stride 통일, KL plot title 수정; v5: TBPTT _tbptt_action carry(init_action), bool cont t>0 action[:t] 복원, throttle_brake/steering->action 합성, _observe_and_imagine prev_action masking; v3_alldata_warmup_noearlystop: USE_ALL_TRAIN_RUNS=True 실제 전체 manifest 사용, EarlyStopping 제거, max_epochs 기준으로 warmup 실행",,max_epochs=400; 로그경로=./logs/one_window_overfit_train002_400epoch/version_1,alpha_overfit_baselines
2026-05-14,one_window_overfit_train002_400epoch,trainer11_reviewed.ipynb,train_run_002.arrow,train_run_002.arrow;train_run_002.arrow,2.0,216x288,32x256,-30.0x10.0,256,128,0.0001,1000,OneCycleLR,1,"v2: loss 재균형(RGB×10, LiDAR×0.2), KL free-bits=1.0, OneCycleLR; v3: TBPTT stride, per-sample continuation mask, KL free-bits dim fix, ModelCheckpoint timing, imagine() crash guard; v4: imagine action off-by-one(last_obs prepend), per-sample cont tensor, viz stride 통일, KL plot title 수정; v5: TBPTT _tbptt_action carry(init_action), bool cont t>0 action[:t] 복원, throttle_brake/steering->action 합성, _observe_and_imagine prev_action masking; v3_alldata_warmup_noearlystop: USE_ALL_TRAIN_RUNS=True 실제 전체 manifest 사용, EarlyStopping 제거, max_epochs 기준으로 warmup 실행",,max_epochs=1000; 로그경로=./logs/one_window_overfit_train002_400epoch/version_3,alpha_overfit_baselines
2026-05-14,one_window_overfit_train002_h256_z128_rgbonly_1000epoch,trainer11_reviewed.ipynb,train_run_002.arrow,train_run_002.arrow;train_run_002.arrow,2.0,216x288,32x256,-30.0x10.0,256,128,0.0001,1000,OneCycleLR,1,"v2: loss 재균형(RGB×10, LiDAR×0.2), KL free-bits=1.0, OneCycleLR; v3: TBPTT stride, per-sample continuation mask, KL free-bits dim fix, ModelCheckpoint timing, imagine() crash guard; v4: imagine action off-by-one(last_obs prepend), per-sample cont tensor, viz stride 통일, KL plot title 수정; v5: TBPTT _tbptt_action carry(init_action), bool cont t>0 action[:t] 복원, throttle_brake/steering->action 합성, _observe_and_imagine prev_action masking; v3_alldata_warmup_noearlystop: USE_ALL_TRAIN_RUNS=True 실제 전체 manifest 사용, EarlyStopping 제거, max_epochs 기준으로 warmup 실행",,max_epochs=1000; 로그경로=./logs/one_window_overfit_train002_h256_z128_rgbonly_1000epoch/version_0,alpha_overfit_dim_sweep
2026-05-14,one_window_overfit_train002_h512_z256_1000epoch,trainer11_reviewed.ipynb,train_run_002.arrow,train_run_002.arrow;train_run_002.arrow,2.0,216x288,32x256,-30.0x10.0,512,256,0.0001,1000,OneCycleLR,1,"v2: loss 재균형(RGB×10, LiDAR×0.2), KL free-bits=1.0, OneCycleLR; v3: TBPTT stride, per-sample continuation mask, KL free-bits dim fix, ModelCheckpoint timing, imagine() crash guard; v4: imagine action off-by-one(last_obs prepend), per-sample cont tensor, viz stride 통일, KL plot title 수정; v5: TBPTT _tbptt_action carry(init_action), bool cont t>0 action[:t] 복원, throttle_brake/steering->action 합성, _observe_and_imagine prev_action masking; v3_alldata_warmup_noearlystop: USE_ALL_TRAIN_RUNS=True 실제 전체 manifest 사용, EarlyStopping 제거, max_epochs 기준으로 warmup 실행",,max_epochs=1000; 로그경로=./logs/one_window_overfit_train002_h512_z256_1000epoch/version_0,alpha_overfit_dim_sweep
2026-05-15,muvo_one_window_overfit_1000,train_muvo.py,train_run_002.arrow,train_run_002.arrow;train_run_002.arrow,2.0,216x288,32x1024,-30.0x10.0,512,256,0.0001,1000,OneCycleLR,1,"MUVO-style alpha: 320x800 center-cropped image input, 32x1024 LiDAR range-view with 40m scaling, ResNet18 multi-scale FPN to 256 channels, 3-layer sensor fusion transformer, RSSM h512/z256.",,max_epochs=1000; 로그경로=./logs/muvo_one_window_overfit_1000/version_1,muvo_branch_post_migration
2026-05-15,muvo_one_window_overfit_h256_z128_1000epoch,train_muvo.py,train_run_002.arrow,train_run_002.arrow;train_run_002.arrow,2.0,320x768,32x1024,-30.0x10.0,256,128,0.0001,1000,OneCycleLR,1,"MUVO-style alpha: 320x800 center-cropped image input, 32x1024 LiDAR range-view with 40m scaling, ResNet18 multi-scale FPN to 256 channels, 3-layer sensor fusion transformer, RSSM h256/z128, WEIGHT_SSIM=0.0.",,max_epochs=1000; 로그경로=./logs/muvo_one_window_overfit_h256_z128_1000epoch/version_0,muvo_branch_post_migration
2026-05-15,muvo_one_window_overfit_h512_z256_1000epoch_v2,train_muvo.py,train_run_002.arrow,train_run_002.arrow;train_run_002.arrow,2.0,320x768,32x1024,-30.0x10.0,512,256,0.0001,1000,OneCycleLR,1,"MUVO-style alpha: 320x800 center-cropped image input, 32x1024 LiDAR range-view with 40m scaling, ResNet18 multi-scale FPN to 256 channels, 3-layer sensor fusion transformer, RSSM h512/z256, WEIGHT_SSIM=0.0.",,max_epochs=1000; 로그경로=./logs/muvo_one_window_overfit_h512_z256_1000epoch_v2/version_0,muvo_branch_post_migration
2026-05-15,muvo_ssim06_one_window_overfit_h256_z128_1000epoch,train_muvo.py,train_run_002.arrow,train_run_002.arrow;train_run_002.arrow,2.0,320x768,32x1024,-30.0x10.0,256,128,0.0001,1000,OneCycleLR,1,"MUVO-style alpha: 320x800 center-cropped image input, 32x1024 LiDAR range-view with 40m scaling, ResNet18 multi-scale FPN to 256 channels, 3-layer sensor fusion transformer, RSSM h256/z128, WEIGHT_SSIM=0.06.",,max_epochs=1000; 로그경로=./logs/muvo_ssim06_one_window_overfit_h256_z128_1000epoch/version_1,muvo_branch_post_migration
2026-05-15,muvo_ssim06_one_window_overfit_h512_z256_1000epoch,train_muvo.py,train_run_002.arrow,train_run_002.arrow;train_run_002.arrow,2.0,320x768,32x1024,-30.0x10.0,512,256,0.0001,1000,OneCycleLR,1,"MUVO-style alpha: 320x800 center-cropped image input, 32x1024 LiDAR range-view with 40m scaling, ResNet18 multi-scale FPN to 256 channels, 3-layer sensor fusion transformer, RSSM h512/z256, WEIGHT_SSIM=0.06.",,max_epochs=1000; 로그경로=./logs/muvo_ssim06_one_window_overfit_h512_z256_1000epoch/version_0,muvo_branch_post_migration
2026-05-15,ssim06_one_window_overfit_train002_h256_z128_1000epoch,trainer11_reviewed.ipynb,train_run_002.arrow,train_run_002.arrow;train_run_002.arrow,2.0,216x288,32x256,-30.0x10.0,256,128,0.0001,1000,OneCycleLR,1,"v2-v5 baseline + SSIM(WEIGHT_SSIM=0.06, upstream effective 매칭) 추가. weight 0.6 직전 run과 동일 setup, weight만 1/10",,max_epochs=1000; 로그경로=./logs/ssim06_one_window_overfit_train002_h256_z128_1000epoch/version_0,alpha_ssim_ablation
2026-05-15,ssim_one_window_overfit_train002_h256_z128_1000epoch,trainer11_reviewed.ipynb,train_run_002.arrow,train_run_002.arrow;train_run_002.arrow,2.0,216x288,32x256,-30.0x10.0,256,128,0.0001,1000,OneCycleLR,1,"v2: loss 재균형(RGB×10, LiDAR×0.2), KL free-bits=1.0, OneCycleLR; v3: TBPTT stride, per-sample continuation mask, KL free-bits dim fix, ModelCheckpoint timing, imagine() crash guard; v4: imagine action off-by-one(last_obs prepend), per-sample cont tensor, viz stride 통일, KL plot title 수정; v5: TBPTT _tbptt_action carry(init_action), bool cont t>0 action[:t] 복원, throttle_brake/steering->action 합성, _observe_and_imagine prev_action masking",,max_epochs=1000; 로그경로=./logs/ssim_one_window_overfit_train002_h256_z128_1000epoch/version_0,alpha_ssim_ablation
2026-05-18,debug_local_first,train_muvo_2D.py,train_run_002.arrow,train_run_002.arrow;train_run_002.arrow,2,320x768,32x1024,-30.0x10.0,256,256,0.0001,1,OneCycleLR,1,"MUVO 2D-token RSSM (RSSMTD): 320x768 image input, 32x1024 LiDAR (out_indices=[1, 2, 3]), FPN→256ch, transformer L=3/h=4, RSSM h=256/z=256, action_loss=1.0, augment=True, kl_free_bits=False, FH=2, effective_hz=2.",,max_epochs=1; 로그경로=./logs/debug_local_first/version_0,
2026-05-18,local_overfit_1window_1000ep,train_muvo_2D.py,train_run_002.arrow,train_run_002.arrow;train_run_002.arrow,2,320x768,32x1024,-30.0x10.0,256,256,0.0001,1000,OneCycleLR,1,"MUVO 2D-token RSSM (RSSMTD): 320x768 image input, 32x1024 LiDAR (out_indices=[1, 2, 3]), FPN→256ch, transformer L=3/h=4, RSSM h=256/z=256, action_loss=1.0, augment=False, kl_free_bits=False, FH=2, effective_hz=2.",,max_epochs=1000; 로그경로=./logs/local_overfit_1window_1000ep/version_0,
2026-05-18,local_overfit_1window_1000ep_dec512,train_muvo_2D.py,train_run_002.arrow,train_run_002.arrow;train_run_002.arrow,2,320x768,32x1024,-30.0x10.0,256,256,0.0001,1000,OneCycleLR,1,"MUVO 2D-token RSSM (RSSMTD): 320x768 image input, 32x1024 LiDAR (out_indices=[1, 2, 3]), FPN→256ch, transformer L=3/h=4, RSSM h=256/z=256, action_loss=1.0, augment=False, kl_free_bits=False, FH=2, effective_hz=2.",,max_epochs=1000; 로그경로=./logs/local_overfit_1window_1000ep_dec512/version_0,
2026-05-18,local_overfit_1window_1000ep_dec512_fb,train_muvo_2D.py,train_run_002.arrow,train_run_002.arrow;train_run_002.arrow,2,320x768,32x1024,-30.0x10.0,256,256,0.0001,1000,OneCycleLR,1,"MUVO 2D-token RSSM (RSSMTD): 320x768 image input, 32x1024 LiDAR (out_indices=[1, 2, 3]), FPN→256ch, transformer L=3/h=4, RSSM h=256/z=256, action_loss=1.0, augment=False, kl_free_bits=True, FH=2, effective_hz=2.",,max_epochs=1000; 로그경로=./logs/local_overfit_1window_1000ep_dec512_fb/version_0,
2026-05-19,local_overfit_1window_5000ep_dec512_fb,train_muvo_2D.py,train_run_002.arrow,train_run_002.arrow;train_run_002.arrow,2,320x768,32x1024,-30.0x10.0,256,256,0.0001,5000,OneCycleLR,1,"MUVO 2D-token RSSM (RSSMTD): 320x768 image input, 32x1024 LiDAR (out_indices=[1, 2, 3]), FPN→256ch, transformer L=3/h=4, RSSM h=256/z=256, action_loss=1.0, augment=False, kl_free_bits=True, FH=2, effective_hz=2.",,max_epochs=5000; 로그경로=./logs/local_overfit_1window_5000ep_dec512_fb/version_0,
2026-05-19,local_overfit_1window_5000ep_1D,train_muvo.py,train_run_002.arrow,train_run_002.arrow;train_run_002.arrow,2.0,320x768,32x1024,-30.0x10.0,512,256,0.0001,5000,OneCycleLR,1,"MUVO-style alpha: 320x768 center-cropped image input, 32x1024 LiDAR range-view with 40m scaling, ResNet18 multi-scale FPN to 256 channels, 3-layer sensor fusion transformer, RSSM h512/z256, WEIGHT_SSIM=0.0.",,max_epochs=5000; 로그경로=./logs/local_overfit_1window_5000ep_1D/version_0,
2026-05-20,overfit_muvo2d_6samples,train_muvo_2D.py,train_run_002.arrow;train_run_003.arrow;train_run_005.arrow;train_run_006.arrow;train_run_007.arrow;train_run_010.arrow;train_run_011.arrow;train_run_012.arrow;train_run_013.arrow;train_run_014.arrow;train_run_017.arrow;train_run_018.arrow;train_run_019.arrow;train_run_020.arrow;train_run_022.arrow;train_run_023.arrow;train_run_025.arrow;train_run_026.arrow;train_run_027.arrow;train_run_028.arrow;train_run_029.arrow;train_run_030.arrow,train_run_002.arrow;train_run_003.arrow;train_run_005.arrow;train_run_006.arrow;train_run_007.arrow;train_run_010.arrow;train_run_011.arrow;train_run_012.arrow;train_run_013.arrow;train_run_014.arrow;train_run_017.arrow;train_run_018.arrow;train_run_019.arrow;train_run_020.arrow;train_run_022.arrow;train_run_023.arrow;train_run_025.arrow;train_run_026.arrow;train_run_027.arrow;train_run_028.arrow;train_run_029.arrow;train_run_030.arrow;train_run_002.arrow;train_run_003.arrow;train_run_005.arrow;train_run_006.arrow;train_run_007.arrow;train_run_010.arrow;train_run_011.arrow;train_run_012.arrow;train_run_013.arrow;train_run_014.arrow;train_run_017.arrow;train_run_018.arrow;train_run_019.arrow;train_run_020.arrow;train_run_022.arrow;train_run_023.arrow;train_run_025.arrow;train_run_026.arrow;train_run_027.arrow;train_run_028.arrow;train_run_029.arrow;train_run_030.arrow,2,320x768,32x1024,-30.0x10.0,256,256,0.0001,9000,OneCycleLR,2,"MUVO 2D-token RSSM (RSSMTD): 320x768 image input, 32x1024 LiDAR (out_indices=[1, 2, 3]), FPN→256ch, transformer L=3/h=4, RSSM h=256/z=256, action_loss=1.0, augment=True, kl_free_bits=True, FH=2, effective_hz=2.",,max_epochs=3000; 로그경로=./logs/overfit_muvo2d_6samples/version_0,
2026-05-20,debug_keys,train_muvo_2D.py,train_run_002.arrow;train_run_003.arrow;train_run_005.arrow;train_run_006.arrow;train_run_007.arrow;train_run_010.arrow;train_run_011.arrow;train_run_012.arrow;train_run_013.arrow;train_run_014.arrow;train_run_017.arrow;train_run_018.arrow;train_run_019.arrow;train_run_020.arrow;train_run_022.arrow;train_run_023.arrow;train_run_025.arrow;train_run_026.arrow;train_run_027.arrow;train_run_028.arrow;train_run_029.arrow;train_run_030.arrow,train_run_002.arrow;train_run_003.arrow;train_run_005.arrow;train_run_006.arrow;train_run_007.arrow;train_run_010.arrow;train_run_011.arrow;train_run_012.arrow;train_run_013.arrow;train_run_014.arrow;train_run_017.arrow;train_run_018.arrow;train_run_019.arrow;train_run_020.arrow;train_run_022.arrow;train_run_023.arrow;train_run_025.arrow;train_run_026.arrow;train_run_027.arrow;train_run_028.arrow;train_run_029.arrow;train_run_030.arrow;train_run_002.arrow;train_run_003.arrow;train_run_005.arrow;train_run_006.arrow;train_run_007.arrow;train_run_010.arrow;train_run_011.arrow;train_run_012.arrow;train_run_013.arrow;train_run_014.arrow;train_run_017.arrow;train_run_018.arrow;train_run_019.arrow;train_run_020.arrow;train_run_022.arrow;train_run_023.arrow;train_run_025.arrow;train_run_026.arrow;train_run_027.arrow;train_run_028.arrow;train_run_029.arrow;train_run_030.arrow,2,320x768,32x1024,-30.0x10.0,256,256,0.0001,9000,OneCycleLR,2,"MUVO 2D-token RSSM (RSSMTD): 320x768 image input, 32x1024 LiDAR (out_indices=[1, 2, 3]), FPN→256ch, transformer L=3/h=4, RSSM h=256/z=256, action_loss=1.0, augment=True, kl_free_bits=True, FH=2, effective_hz=2.",,max_epochs=3000; 로그경로=./logs/debug_keys/version_1,
2026-05-20,eval_resume,train_muvo_2D.py,train_run_002.arrow;train_run_003.arrow;train_run_005.arrow;train_run_006.arrow;train_run_007.arrow;train_run_010.arrow;train_run_011.arrow;train_run_012.arrow;train_run_013.arrow;train_run_014.arrow;train_run_017.arrow;train_run_018.arrow;train_run_019.arrow;train_run_020.arrow;train_run_022.arrow;train_run_023.arrow;train_run_025.arrow;train_run_026.arrow;train_run_027.arrow;train_run_028.arrow;train_run_029.arrow;train_run_030.arrow,train_run_002.arrow;train_run_003.arrow;train_run_005.arrow;train_run_006.arrow;train_run_007.arrow;train_run_010.arrow;train_run_011.arrow;train_run_012.arrow;train_run_013.arrow;train_run_014.arrow;train_run_017.arrow;train_run_018.arrow;train_run_019.arrow;train_run_020.arrow;train_run_022.arrow;train_run_023.arrow;train_run_025.arrow;train_run_026.arrow;train_run_027.arrow;train_run_028.arrow;train_run_029.arrow;train_run_030.arrow;train_run_002.arrow;train_run_003.arrow;train_run_005.arrow;train_run_006.arrow;train_run_007.arrow;train_run_010.arrow;train_run_011.arrow;train_run_012.arrow;train_run_013.arrow;train_run_014.arrow;train_run_017.arrow;train_run_018.arrow;train_run_019.arrow;train_run_020.arrow;train_run_022.arrow;train_run_023.arrow;train_run_025.arrow;train_run_026.arrow;train_run_027.arrow;train_run_028.arrow;train_run_029.arrow;train_run_030.arrow,2,320x768,32x1024,-30.0x10.0,256,256,0.0001,9003,OneCycleLR,2,"MUVO 2D-token RSSM (RSSMTD): 320x768 image input, 32x1024 LiDAR (out_indices=[1, 2, 3]), FPN→256ch, transformer L=3/h=4, RSSM h=256/z=256, action_loss=1.0, augment=True, kl_free_bits=True, FH=2, effective_hz=2.",,max_epochs=3001; 로그경로=./logs/eval_resume/version_0,
2026-05-25,smoke_test_review,train_muvo_2D.py,train_run_002.arrow,validation_run_008.arrow;validation_run_024.arrow,2,320x768,32x1024,-30.0x10.0,256,256,0.0001,4,OneCycleLR,2,"MUVO 2D-token RSSM (RSSMTD): 320x768 image input, 32x1024 LiDAR (out_indices=[1, 2, 3]), FPN→256ch, transformer L=3/h=4, RSSM h=256/z=256, augment=True, kl_free_bits=True, FH=2, effective_hz=2.",val/RL_loss=2.06302; val/DS_loss=1.84821; val/RL_rgb_psnr=6.20203; val/DS_rgb_psnr=6.43952; val/RL_lidar_chamfer_xyz=9.18468; val/DS_lidar_chamfer_xyz=8.59284; val/RL_lidar_chamfer_xyz_nearfield=9.64011; val/DS_lidar_chamfer_xyz_nearfield=7.71891; val/RL_future_rgb_psnr=5.74124; val/DS_future_rgb_psnr=5.56435; val/RL_future_lidar_chamfer_xyz=8.93093; val/DS_future_lidar_chamfer_xyz=8.57038; val/RL_future_lidar_chamfer_xyz_nearfield=9.93875; val/DS_future_lidar_chamfer_xyz_nearfield=8.88241,max_epochs=1; 로그경로=./logs/smoke_test_review/version_0,
2026-05-25,smoke_test_review_full,train_muvo_2D.py,train_run_002.arrow,validation_run_008.arrow;validation_run_024.arrow,2,320x768,32x1024,-30.0x10.0,256,256,0.0001,149,OneCycleLR,2,"MUVO 2D-token RSSM (RSSMTD): 320x768 image input, 32x1024 LiDAR (out_indices=[1, 2, 3]), FPN→256ch, transformer L=3/h=4, RSSM h=256/z=256, augment=True, kl_free_bits=True, FH=2, effective_hz=2.",val/RL_loss=1.02782; val/DS_loss=1.13441; val/RL_rgb_psnr=11.0399; val/DS_rgb_psnr=10.0216; val/RL_lidar_chamfer_xyz=8.64133; val/DS_lidar_chamfer_xyz=7.966; val/RL_lidar_chamfer_xyz_nearfield=8.24847; val/DS_lidar_chamfer_xyz_nearfield=6.94225; val/RL_future_rgb_psnr=10.5684; val/DS_future_rgb_psnr=9.4465; val/RL_future_lidar_chamfer_xyz=8.81499; val/DS_future_lidar_chamfer_xyz=7.95638; val/RL_future_lidar_chamfer_xyz_nearfield=9.10581; val/DS_future_lidar_chamfer_xyz_nearfield=7.14371,max_epochs=1; 로그경로=./logs/smoke_test_review_full/version_0,
2026-05-25,yj_overfit_1window_1000ep_rssmtd,train_muvo_2D.py,train_run_002.arrow,train_run_002.arrow;train_run_002.arrow,2,320x768,32x1024,-30.0x10.0,256,256,0.0001,1000,OneCycleLR,1,"MUVO 2D-token RSSM (RSSMTD): 320x768 image input, 32x1024 LiDAR (out_indices=[1, 2, 3]), FPN→256ch, transformer L=3/h=4, RSSM h=256/z=256, action_loss=1.0, augment=False, kl_free_bits=True, FH=2, effective_hz=2.",,max_epochs=1000; 로그경로=./logs/yj_overfit_1window_1000ep_rssmtd/version_0,
2026-05-25,yj_overfit_1window_1000ep_rssmtd,train_muvo_2D.py,train_run_002.arrow,train_run_002.arrow;train_run_002.arrow,2,320x768,32x1024,-30.0x10.0,256,256,0.0001,1000,OneCycleLR,1,"MUVO 2D-token RSSM (RSSMTD): 320x768 image input, 32x1024 LiDAR (out_indices=[1, 2, 3]), FPN→256ch, transformer L=3/h=4, RSSM h=256/z=256, action_loss=1.0, augment=False, kl_free_bits=True, FH=2, effective_hz=2.",,max_epochs=1000; 로그경로=./logs/yj_overfit_1window_1000ep_rssmtd/version_1,
2026-05-25,smoke_kl_check,train_muvo_2D.py,train_run_002.arrow,validation_run_008.arrow;validation_run_024.arrow,2,320x768,32x1024,-30.0x10.0,256,256,0.0001,4,OneCycleLR,2,"MUVO 2D-token RSSM (RSSMTD): 320x768 image input, 32x1024 LiDAR (out_indices=[1, 2, 3]), FPN→256ch, transformer L=3/h=4, RSSM h=256/z=256, augment=True, kl_free_bits=False, FH=2, effective_hz=2.",val/RL_loss=1.75083; val/DS_loss=1.53867; val/RL_rgb_psnr=6.13215; val/DS_rgb_psnr=6.38326; val/RL_lidar_chamfer_xyz=10.9827; val/DS_lidar_chamfer_xyz=10.1038; val/RL_lidar_chamfer_xyz_nearfield=8.28774; val/DS_lidar_chamfer_xyz_nearfield=7.14683; val/RL_future_rgb_psnr=5.68205; val/DS_future_rgb_psnr=5.51359; val/RL_future_lidar_chamfer_xyz=10.7982; val/DS_future_lidar_chamfer_xyz=10.2392; val/RL_future_lidar_chamfer_xyz_nearfield=8.53279; val/DS_future_lidar_chamfer_xyz_nearfield=8.03419,max_epochs=1; 로그경로=./logs/smoke_kl_check/version_0,
2026-05-25,smoke_loss2,train_muvo_2D.py,train_run_002.arrow,validation_run_008.arrow;validation_run_024.arrow,2,320x768,32x1024,-30.0x10.0,256,256,0.0001,4,OneCycleLR,2,"MUVO 2D-token RSSM (RSSMTD): 320x768 image input, 32x1024 LiDAR (out_indices=[1, 2, 3]), FPN→256ch, transformer L=3/h=4, RSSM h=256/z=256, augment=True, kl_free_bits=False, FH=2, effective_hz=2.",val/RL_loss=5.24725; val/DS_loss=4.64495; val/RL_rgb_psnr=6.54738; val/DS_rgb_psnr=6.72577; val/RL_lidar_chamfer_xyz=9.21718; val/DS_lidar_chamfer_xyz=8.7522; val/RL_lidar_chamfer_xyz_nearfield=7.49265; val/DS_lidar_chamfer_xyz_nearfield=6.67559; val/RL_future_rgb_psnr=6.0831; val/DS_future_rgb_psnr=5.85613; val/RL_future_lidar_chamfer_xyz=9.06129; val/DS_future_lidar_chamfer_xyz=8.81579; val/RL_future_lidar_chamfer_xyz_nearfield=7.74621; val/DS_future_lidar_chamfer_xyz_nearfield=7.75516,max_epochs=1; 로그경로=./logs/smoke_loss2/version_0,
2026-05-25,smoke_emptyfill,train_muvo_2D.py,train_run_002.arrow,validation_run_008.arrow;validation_run_024.arrow,2,320x768,32x1024,-30.0x10.0,256,256,0.0001,4,OneCycleLR,2,"MUVO 2D-token RSSM (RSSMTD): 320x768 image input, 32x1024 LiDAR (out_indices=[1, 2, 3]), FPN→256ch, transformer L=3/h=4, RSSM h=256/z=256, augment=True, kl_free_bits=False, FH=2, effective_hz=2.",val/RL_loss=4.98932; val/DS_loss=4.38264; val/RL_rgb_psnr=6.13073; val/DS_rgb_psnr=6.38234; val/RL_lidar_chamfer_xyz=8.64198; val/DS_lidar_chamfer_xyz=8.13037; val/RL_lidar_chamfer_xyz_nearfield=6.94656; val/DS_lidar_chamfer_xyz_nearfield=6.22845; val/RL_future_rgb_psnr=5.68596; val/DS_future_rgb_psnr=5.51704; val/RL_future_lidar_chamfer_xyz=8.36388; val/DS_future_lidar_chamfer_xyz=8.04472; val/RL_future_lidar_chamfer_xyz_nearfield=7.32241; val/DS_future_lidar_chamfer_xyz_nearfield=7.74051,max_epochs=1; 로그경로=./logs/smoke_emptyfill/version_0,
2026-05-25,smoke_sched,train_muvo_2D.py,train_run_002.arrow,validation_run_008.arrow;validation_run_024.arrow,2,320x768,32x1024,-30.0x10.0,256,256,0.0001,4,OneCycleLR,2,"MUVO 2D-token RSSM (RSSMTD): 320x768 image input, 32x1024 LiDAR (out_indices=[1, 2, 3]), FPN→256ch, transformer L=3/h=4, RSSM h=256/z=256, augment=True, kl_free_bits=False, FH=2, effective_hz=2.",val/RL_loss=4.70166; val/DS_loss=4.10763; val/RL_rgb_psnr=6.10699; val/DS_rgb_psnr=6.36192; val/RL_lidar_chamfer_xyz=11.0555; val/DS_lidar_chamfer_xyz=9.98283; val/RL_lidar_chamfer_xyz_nearfield=10.2146; val/DS_lidar_chamfer_xyz_nearfield=8.34775; val/RL_future_rgb_psnr=5.66109; val/DS_future_rgb_psnr=5.49584; val/RL_future_lidar_chamfer_xyz=10.8398; val/DS_future_lidar_chamfer_xyz=9.83904; val/RL_future_lidar_chamfer_xyz_nearfield=10.4094; val/DS_future_lidar_chamfer_xyz_nearfield=9.07896,max_epochs=1; 로그경로=./logs/smoke_sched/version_0,
2026-05-25,yj_overfit_1window_3000ep_rssmtd,train_muvo_2D.py,train_run_002.arrow,train_run_002.arrow;train_run_002.arrow,2,320x768,32x1024,-30.0x10.0,256,256,0.0001,3000,OneCycleLR,1,"MUVO 2D-token RSSM (RSSMTD): 320x768 image input, 32x1024 LiDAR (out_indices=[1, 2, 3]), FPN→256ch, transformer L=3/h=4, RSSM h=256/z=256, action_loss=1.0, augment=False, kl_free_bits=True, FH=2, effective_hz=2.",,max_epochs=3000; 로그경로=./logs/yj_overfit_1window_3000ep_rssmtd/version_0,
2026-05-27,diff_smoke_real,train_muvo_2D.py,train_run_002.arrow,train_run_002.arrow;train_run_002.arrow,2,320x768,32x1024,-30.0x10.0,256,256,0.0001,4,OneCycleLR,2,"MUVO 2D-token RSSM (RSSMTD): 320x768 image input, 32x1024 LiDAR (out_indices=[1, 2, 3]), FPN→256ch, transformer L=3/h=4, RSSM h=256/z=256, action_loss=1.0, augment=True, kl_free_bits=True, FH=2, effective_hz=2.",,max_epochs=2; 로그경로=./logs/diff_smoke_real/version_0,
2026-05-27,diff_overfit,train_muvo_2D.py,train_run_002.arrow,train_run_002.arrow;train_run_002.arrow,2,320x768,32x1024,-30.0x10.0,256,256,0.0001,800,OneCycleLR,2,"MUVO 2D-token RSSM (RSSMTD): 320x768 image input, 32x1024 LiDAR (out_indices=[1, 2, 3]), FPN→256ch, transformer L=3/h=4, RSSM h=256/z=256, action_loss=1.0, augment=True, kl_free_bits=True, FH=2, effective_hz=2.",,max_epochs=200; 로그경로=./logs/diff_overfit/version_0,
2026-05-27,diff_overfit_long,train_muvo_2D.py,train_run_002.arrow,train_run_002.arrow;train_run_002.arrow,2,320x768,32x1024,-30.0x10.0,256,256,0.0001,6000,OneCycleLR,2,"MUVO 2D-token RSSM (RSSMTD): 320x768 image input, 32x1024 LiDAR (out_indices=[1, 2, 3]), FPN→256ch, transformer L=3/h=4, RSSM h=256/z=256, action_loss=1.0, augment=True, kl_free_bits=True, FH=2, effective_hz=2.",,max_epochs=1500; 로그경로=./logs/diff_overfit_long/version_0,
2026-05-27,diff_overfit_smoke,train_muvo_2D.py,train_run_002.arrow,train_run_002.arrow;train_run_002.arrow,2,320x768,32x1024,-30.0x10.0,256,256,0.0001,4,OneCycleLR,2,"MUVO 2D-token RSSM (RSSMTD): 320x768 image input, 32x1024 LiDAR (out_indices=[1, 2, 3]), FPN→256ch, transformer L=3/h=4, RSSM h=256/z=256, action_loss=1.0, augment=True, kl_free_bits=True, FH=4, effective_hz=2.",,max_epochs=2; 로그경로=./logs/diff_overfit_smoke/version_0,
2026-05-27,diff_overfit_test,train_muvo_2D.py,train_run_002.arrow;train_run_003.arrow;train_run_005.arrow;train_run_006.arrow;train_run_007.arrow;train_run_010.arrow;train_run_011.arrow;train_run_012.arrow;train_run_013.arrow;train_run_014.arrow;train_run_017.arrow;train_run_018.arrow;train_run_019.arrow;train_run_020.arrow;train_run_022.arrow;train_run_023.arrow;train_run_025.arrow;train_run_026.arrow;train_run_027.arrow;train_run_028.arrow;train_run_029.arrow;train_run_030.arrow,train_run_002.arrow;train_run_003.arrow;train_run_005.arrow;train_run_006.arrow;train_run_007.arrow;train_run_010.arrow;train_run_011.arrow;train_run_012.arrow;train_run_013.arrow;train_run_014.arrow;train_run_017.arrow;train_run_018.arrow;train_run_019.arrow;train_run_020.arrow;train_run_022.arrow;train_run_023.arrow;train_run_025.arrow;train_run_026.arrow;train_run_027.arrow;train_run_028.arrow;train_run_029.arrow;train_run_030.arrow;train_run_002.arrow;train_run_003.arrow;train_run_005.arrow;train_run_006.arrow;train_run_007.arrow;train_run_010.arrow;train_run_011.arrow;train_run_012.arrow;train_run_013.arrow;train_run_014.arrow;train_run_017.arrow;train_run_018.arrow;train_run_019.arrow;train_run_020.arrow;train_run_022.arrow;train_run_023.arrow;train_run_025.arrow;train_run_026.arrow;train_run_027.arrow;train_run_028.arrow;train_run_029.arrow;train_run_030.arrow,2,320x768,32x1024,-30.0x10.0,256,256,0.0001,400,OneCycleLR,2,"MUVO 2D-token RSSM (RSSMTD): 320x768 image input, 32x1024 LiDAR (out_indices=[1, 2, 3]), FPN→256ch, transformer L=3/h=4, RSSM h=256/z=256, action_loss=1.0, augment=True, kl_free_bits=True, FH=4, effective_hz=2.",,max_epochs=1; 로그경로=./logs/diff_overfit_test/version_0,
2026-05-27,recon_only_3k,train_muvo_2D.py,train_run_002.arrow;train_run_003.arrow;train_run_005.arrow;train_run_006.arrow;train_run_007.arrow;train_run_010.arrow;train_run_011.arrow;train_run_012.arrow;train_run_013.arrow;train_run_014.arrow;train_run_017.arrow;train_run_018.arrow;train_run_019.arrow;train_run_020.arrow;train_run_022.arrow;train_run_023.arrow;train_run_025.arrow;train_run_026.arrow;train_run_027.arrow;train_run_028.arrow;train_run_029.arrow;train_run_030.arrow,train_run_002.arrow;train_run_003.arrow;train_run_005.arrow;train_run_006.arrow;train_run_007.arrow;train_run_010.arrow;train_run_011.arrow;train_run_012.arrow;train_run_013.arrow;train_run_014.arrow;train_run_017.arrow;train_run_018.arrow;train_run_019.arrow;train_run_020.arrow;train_run_022.arrow;train_run_023.arrow;train_run_025.arrow;train_run_026.arrow;train_run_027.arrow;train_run_028.arrow;train_run_029.arrow;train_run_030.arrow;train_run_002.arrow;train_run_003.arrow;train_run_005.arrow;train_run_006.arrow;train_run_007.arrow;train_run_010.arrow;train_run_011.arrow;train_run_012.arrow;train_run_013.arrow;train_run_014.arrow;train_run_017.arrow;train_run_018.arrow;train_run_019.arrow;train_run_020.arrow;train_run_022.arrow;train_run_023.arrow;train_run_025.arrow;train_run_026.arrow;train_run_027.arrow;train_run_028.arrow;train_run_029.arrow;train_run_030.arrow,2,320x768,32x1024,-30.0x10.0,256,256,0.0001,3000,OneCycleLR,2,"MUVO 2D-token RSSM (RSSMTD): 320x768 image input, 32x1024 LiDAR (out_indices=[1, 2, 3]), FPN→256ch, transformer L=3/h=4, RSSM h=256/z=256, action_loss=1.0, augment=True, kl_free_bits=True, FH=4, effective_hz=2.",,max_epochs=1; 로그경로=./logs/recon_only_3k/version_0,
2026-05-28,diff_overfit_rgb_only_2k,train_muvo_2D.py,train_run_002.arrow;train_run_003.arrow;train_run_005.arrow;train_run_006.arrow;train_run_007.arrow;train_run_010.arrow;train_run_011.arrow;train_run_012.arrow;train_run_013.arrow;train_run_014.arrow;train_run_017.arrow;train_run_018.arrow;train_run_019.arrow;train_run_020.arrow;train_run_022.arrow;train_run_023.arrow;train_run_025.arrow;train_run_026.arrow;train_run_027.arrow;train_run_028.arrow;train_run_029.arrow;train_run_030.arrow,train_run_002.arrow;train_run_003.arrow;train_run_005.arrow;train_run_006.arrow;train_run_007.arrow;train_run_010.arrow;train_run_011.arrow;train_run_012.arrow;train_run_013.arrow;train_run_014.arrow;train_run_017.arrow;train_run_018.arrow;train_run_019.arrow;train_run_020.arrow;train_run_022.arrow;train_run_023.arrow;train_run_025.arrow;train_run_026.arrow;train_run_027.arrow;train_run_028.arrow;train_run_029.arrow;train_run_030.arrow;train_run_002.arrow;train_run_003.arrow;train_run_005.arrow;train_run_006.arrow;train_run_007.arrow;train_run_010.arrow;train_run_011.arrow;train_run_012.arrow;train_run_013.arrow;train_run_014.arrow;train_run_017.arrow;train_run_018.arrow;train_run_019.arrow;train_run_020.arrow;train_run_022.arrow;train_run_023.arrow;train_run_025.arrow;train_run_026.arrow;train_run_027.arrow;train_run_028.arrow;train_run_029.arrow;train_run_030.arrow,2,320x768,256,256,0.0001,2000,OneCycleLR,2,"MUVO 2D-token latent-diffusion (image-only): 320x768 image, FPN→256ch, transformer L=3/h=4, action_loss=1.0, augment=True, FH=4, effective_hz=2.",,max_epochs=1; 로그경로=./logs/diff_overfit_rgb_only_2k/version_0,,,
2026-05-28,rgb_only_constlr_3e4_2k,train_muvo_2D.py,train_run_002.arrow;train_run_003.arrow;train_run_005.arrow;train_run_006.arrow;train_run_007.arrow;train_run_010.arrow;train_run_011.arrow;train_run_012.arrow;train_run_013.arrow;train_run_014.arrow;train_run_017.arrow;train_run_018.arrow;train_run_019.arrow;train_run_020.arrow;train_run_022.arrow;train_run_023.arrow;train_run_025.arrow;train_run_026.arrow;train_run_027.arrow;train_run_028.arrow;train_run_029.arrow;train_run_030.arrow,train_run_002.arrow;train_run_003.arrow;train_run_005.arrow;train_run_006.arrow;train_run_007.arrow;train_run_010.arrow;train_run_011.arrow;train_run_012.arrow;train_run_013.arrow;train_run_014.arrow;train_run_017.arrow;train_run_018.arrow;train_run_019.arrow;train_run_020.arrow;train_run_022.arrow;train_run_023.arrow;train_run_025.arrow;train_run_026.arrow;train_run_027.arrow;train_run_028.arrow;train_run_029.arrow;train_run_030.arrow;train_run_002.arrow;train_run_003.arrow;train_run_005.arrow;train_run_006.arrow;train_run_007.arrow;train_run_010.arrow;train_run_011.arrow;train_run_012.arrow;train_run_013.arrow;train_run_014.arrow;train_run_017.arrow;train_run_018.arrow;train_run_019.arrow;train_run_020.arrow;train_run_022.arrow;train_run_023.arrow;train_run_025.arrow;train_run_026.arrow;train_run_027.arrow;train_run_028.arrow;train_run_029.arrow;train_run_030.arrow,2,320x768,256,256,0.0003,2000,none,2,"MUVO 2D-token latent-diffusion (image-only): 320x768 image, FPN→256ch, transformer L=3/h=4, action_loss=1.0, augment=True, FH=4, effective_hz=2.",,max_epochs=1; 로그경로=./logs/rgb_only_constlr_3e4_2k/version_0,,,
2026-05-28,rgb_only_oc_lr2e4_2k,train_muvo_2D.py,train_run_002.arrow;train_run_003.arrow;train_run_005.arrow;train_run_006.arrow;train_run_007.arrow;train_run_010.arrow;train_run_011.arrow;train_run_012.arrow;train_run_013.arrow;train_run_014.arrow;train_run_017.arrow;train_run_018.arrow;train_run_019.arrow;train_run_020.arrow;train_run_022.arrow;train_run_023.arrow;train_run_025.arrow;train_run_026.arrow;train_run_027.arrow;train_run_028.arrow;train_run_029.arrow;train_run_030.arrow,train_run_002.arrow;train_run_003.arrow;train_run_005.arrow;train_run_006.arrow;train_run_007.arrow;train_run_010.arrow;train_run_011.arrow;train_run_012.arrow;train_run_013.arrow;train_run_014.arrow;train_run_017.arrow;train_run_018.arrow;train_run_019.arrow;train_run_020.arrow;train_run_022.arrow;train_run_023.arrow;train_run_025.arrow;train_run_026.arrow;train_run_027.arrow;train_run_028.arrow;train_run_029.arrow;train_run_030.arrow;train_run_002.arrow;train_run_003.arrow;train_run_005.arrow;train_run_006.arrow;train_run_007.arrow;train_run_010.arrow;train_run_011.arrow;train_run_012.arrow;train_run_013.arrow;train_run_014.arrow;train_run_017.arrow;train_run_018.arrow;train_run_019.arrow;train_run_020.arrow;train_run_022.arrow;train_run_023.arrow;train_run_025.arrow;train_run_026.arrow;train_run_027.arrow;train_run_028.arrow;train_run_029.arrow;train_run_030.arrow,2,320x768,256,256,0.0002,2000,OneCycleLR,2,"MUVO 2D-token latent-diffusion (image-only): 320x768 image, FPN→256ch, transformer L=3/h=4, action_loss=1.0, augment=True, FH=4, effective_hz=2.",,max_epochs=1; 로그경로=./logs/rgb_only_oc_lr2e4_2k/version_0,,,
2026-05-28,rgb_only_oc_lr2e4_3000ep,train_muvo_2D.py,train_run_002.arrow;train_run_003.arrow;train_run_005.arrow;train_run_006.arrow;train_run_007.arrow;train_run_010.arrow;train_run_011.arrow;train_run_012.arrow;train_run_013.arrow;train_run_014.arrow;train_run_017.arrow;train_run_018.arrow;train_run_019.arrow;train_run_020.arrow;train_run_022.arrow;train_run_023.arrow;train_run_025.arrow;train_run_026.arrow;train_run_027.arrow;train_run_028.arrow;train_run_029.arrow;train_run_030.arrow,train_run_002.arrow;train_run_003.arrow;train_run_005.arrow;train_run_006.arrow;train_run_007.arrow;train_run_010.arrow;train_run_011.arrow;train_run_012.arrow;train_run_013.arrow;train_run_014.arrow;train_run_017.arrow;train_run_018.arrow;train_run_019.arrow;train_run_020.arrow;train_run_022.arrow;train_run_023.arrow;train_run_025.arrow;train_run_026.arrow;train_run_027.arrow;train_run_028.arrow;train_run_029.arrow;train_run_030.arrow;train_run_002.arrow;train_run_003.arrow;train_run_005.arrow;train_run_006.arrow;train_run_007.arrow;train_run_010.arrow;train_run_011.arrow;train_run_012.arrow;train_run_013.arrow;train_run_014.arrow;train_run_017.arrow;train_run_018.arrow;train_run_019.arrow;train_run_020.arrow;train_run_022.arrow;train_run_023.arrow;train_run_025.arrow;train_run_026.arrow;train_run_027.arrow;train_run_028.arrow;train_run_029.arrow;train_run_030.arrow,2,320x768,256,256,0.0002,12000,OneCycleLR,2,"MUVO 2D-token latent-diffusion (image-only): 320x768 image, FPN→256ch, transformer L=3/h=4, action_loss=1.0, augment=True, FH=4, effective_hz=2.",,max_epochs=1; 로그경로=./logs/rgb_only_oc_lr2e4_3000ep/version_0,,,
2026-05-30,debug_overfit_fh2_ae,train_muvo_2D.py,train_run_002.arrow;train_run_003.arrow;train_run_005.arrow;train_run_006.arrow;train_run_007.arrow;train_run_010.arrow;train_run_011.arrow;train_run_012.arrow;train_run_013.arrow;train_run_014.arrow;train_run_017.arrow;train_run_018.arrow;train_run_019.arrow;train_run_020.arrow;train_run_022.arrow;train_run_023.arrow;train_run_025.arrow;train_run_026.arrow;train_run_027.arrow;train_run_028.arrow;train_run_029.arrow;train_run_030.arrow,validation_run_008.arrow;validation_run_024.arrow,2,320x768,32x1024,-30.0x10.0,256,256,0.0001,600,OneCycleLR,2,"MUVO 2D-token RSSM (RSSMTD): 320x768 image input, 32x1024 LiDAR (out_indices=[1, 2, 3]), FPN→256ch, transformer L=3/h=4, RSSM h=256/z=256, augment=False, kl_free_bits=True, FH=2, effective_hz=2.",,max_epochs=150; 로그경로=./logs/debug_overfit_fh2_ae/version_0,
2026-05-30,debug_overfit_fh2_ae_v2,train_muvo_2D.py,train_run_002.arrow;train_run_003.arrow;train_run_005.arrow;train_run_006.arrow;train_run_007.arrow;train_run_010.arrow;train_run_011.arrow;train_run_012.arrow;train_run_013.arrow;train_run_014.arrow;train_run_017.arrow;train_run_018.arrow;train_run_019.arrow;train_run_020.arrow;train_run_022.arrow;train_run_023.arrow;train_run_025.arrow;train_run_026.arrow;train_run_027.arrow;train_run_028.arrow;train_run_029.arrow;train_run_030.arrow,validation_run_008.arrow;validation_run_024.arrow,2,320x768,32x1024,-30.0x10.0,256,256,0.0003,1600,OneCycleLR,2,"MUVO 2D-token RSSM (RSSMTD): 320x768 image input, 32x1024 LiDAR (out_indices=[1, 2, 3]), FPN→256ch, transformer L=3/h=4, RSSM h=256/z=256, augment=False, kl_free_bits=True, FH=2, effective_hz=2.",,max_epochs=400; 로그경로=./logs/debug_overfit_fh2_ae_v2/version_1,
2026-05-31,debug_overfit_fh2_diff,train_muvo_2D.py,train_run_002.arrow;train_run_003.arrow;train_run_005.arrow;train_run_006.arrow;train_run_007.arrow;train_run_010.arrow;train_run_011.arrow;train_run_012.arrow;train_run_013.arrow;train_run_014.arrow;train_run_017.arrow;train_run_018.arrow;train_run_019.arrow;train_run_020.arrow;train_run_022.arrow;train_run_023.arrow;train_run_025.arrow;train_run_026.arrow;train_run_027.arrow;train_run_028.arrow;train_run_029.arrow;train_run_030.arrow,validation_run_008.arrow;validation_run_024.arrow,2,320x768,32x1024,-30.0x10.0,256,256,0.0003,1600,OneCycleLR,2,"MUVO 2D-token RSSM (RSSMTD): 320x768 image input, 32x1024 LiDAR (out_indices=[1, 2, 3]), FPN→256ch, transformer L=3/h=4, RSSM h=256/z=256, augment=True, kl_free_bits=True, FH=2, effective_hz=2.",,max_epochs=400; 로그경로=./logs/debug_overfit_fh2_diff/version_0,
2026-05-31,debug_overfit_fh2_diff_long,train_muvo_2D.py,train_run_002.arrow;train_run_003.arrow;train_run_005.arrow;train_run_006.arrow;train_run_007.arrow;train_run_010.arrow;train_run_011.arrow;train_run_012.arrow;train_run_013.arrow;train_run_014.arrow;train_run_017.arrow;train_run_018.arrow;train_run_019.arrow;train_run_020.arrow;train_run_022.arrow;train_run_023.arrow;train_run_025.arrow;train_run_026.arrow;train_run_027.arrow;train_run_028.arrow;train_run_029.arrow;train_run_030.arrow,validation_run_008.arrow;validation_run_024.arrow,2,320x768,32x1024,-30.0x10.0,256,256,0.0003,12000,OneCycleLR,2,"MUVO 2D-token RSSM (RSSMTD): 320x768 image input, 32x1024 LiDAR (out_indices=[1, 2, 3]), FPN→256ch, transformer L=3/h=4, RSSM h=256/z=256, augment=True, kl_free_bits=True, FH=2, effective_hz=2.",,max_epochs=3000; 로그경로=./logs/debug_overfit_fh2_diff_long/version_0,
2026-06-01,diffuvo_ae_fulldata_fh4,train_muvo_2D.py,train_run_002.arrow;train_run_003.arrow;train_run_005.arrow;train_run_006.arrow;train_run_007.arrow;train_run_010.arrow;train_run_011.arrow;train_run_012.arrow;train_run_013.arrow;train_run_014.arrow;train_run_017.arrow;train_run_018.arrow;train_run_019.arrow;train_run_020.arrow;train_run_022.arrow;train_run_023.arrow;train_run_025.arrow;train_run_026.arrow;train_run_027.arrow;train_run_028.arrow;train_run_029.arrow;train_run_030.arrow,validation_run_008.arrow;validation_run_024.arrow,2,320x768,32x1024,-30.0x10.0,256,256,0.0001,111840,OneCycleLR,2,"MUVO 2D-token RSSM (RSSMTD): 320x768 image input, 32x1024 LiDAR (out_indices=[1, 2, 3]), FPN→256ch, transformer L=3/h=4, RSSM h=256/z=256, augment=True, kl_free_bits=True, FH=4, effective_hz=2.",val/RL_loss=0.206237; val/DS_loss=0.186965; val/RL_rgb_psnr=22.5031; val/DS_rgb_psnr=23.1198,max_epochs=30; 로그경로=./logs/diffuvo_ae_fulldata_fh4/version_0,
2026-06-01,diffuvo_diff_smoke,train_muvo_2D.py,train_run_002.arrow,validation_run_008.arrow;validation_run_024.arrow,2,320x768,32x1024,-30.0x10.0,256,256,0.0001,148,OneCycleLR,4,"MUVO 2D-token RSSM (RSSMTD): 320x768 image input, 32x1024 LiDAR (out_indices=[1, 2, 3]), FPN→256ch, transformer L=3/h=4, RSSM h=256/z=256, augment=True, kl_free_bits=True, FH=4, effective_hz=2.",val/RL_loss=0.789442; val/DS_loss=0.7839,max_epochs=2; 로그경로=./logs/diffuvo_diff_smoke/version_0,
2026-06-01,diffuvo_diff_fulldata_fh4,train_muvo_2D.py,train_run_002.arrow;train_run_003.arrow;train_run_005.arrow;train_run_006.arrow;train_run_007.arrow;train_run_010.arrow;train_run_011.arrow;train_run_012.arrow;train_run_013.arrow;train_run_014.arrow;train_run_017.arrow;train_run_018.arrow;train_run_019.arrow;train_run_020.arrow;train_run_022.arrow;train_run_023.arrow;train_run_025.arrow;train_run_026.arrow;train_run_027.arrow;train_run_028.arrow;train_run_029.arrow;train_run_030.arrow,validation_run_008.arrow;validation_run_024.arrow,2,320x768,32x1024,-30.0x10.0,256,256,0.0001,73880,OneCycleLR,4,"MUVO 2D-token RSSM (RSSMTD): 320x768 image input, 32x1024 LiDAR (out_indices=[1, 2, 3]), FPN→256ch, transformer L=3/h=4, RSSM h=256/z=256, augment=True, kl_free_bits=True, FH=4, effective_hz=2.",val/RL_loss=0.345745; val/DS_loss=0.305537,max_epochs=40; 로그경로=./logs/diffuvo_diff_fulldata_fh4/version_0,
2026-06-01,diffuvo_diff_sdw_sanity,train_muvo_2D.py,train_run_002.arrow,validation_run_008.arrow;validation_run_024.arrow,2,320x768,32x1024,-30.0x10.0,256,256,0.0001,74,OneCycleLR,4,"MUVO 2D-token RSSM (RSSMTD): 320x768 image input, 32x1024 LiDAR (out_indices=[1, 2, 3]), FPN→256ch, transformer L=3/h=4, RSSM h=256/z=256, augment=True, kl_free_bits=True, FH=4, effective_hz=2.",val/RL_loss=0.88223; val/DS_loss=0.880257,max_epochs=1; 로그경로=./logs/diffuvo_diff_sdw_sanity/version_0,
2026-06-01,diffuvo_diff_fulldata_fh4_sdw,train_muvo_2D.py,train_run_002.arrow;train_run_003.arrow;train_run_005.arrow;train_run_006.arrow;train_run_007.arrow;train_run_010.arrow;train_run_011.arrow;train_run_012.arrow;train_run_013.arrow;train_run_014.arrow;train_run_017.arrow;train_run_018.arrow;train_run_019.arrow;train_run_020.arrow;train_run_022.arrow;train_run_023.arrow;train_run_025.arrow;train_run_026.arrow;train_run_027.arrow;train_run_028.arrow;train_run_029.arrow;train_run_030.arrow,validation_run_008.arrow;validation_run_024.arrow,2,320x768,32x1024,-30.0x10.0,256,256,0.0001,73880,OneCycleLR,4,"MUVO 2D-token RSSM (RSSMTD): 320x768 image input, 32x1024 LiDAR (out_indices=[1, 2, 3]), FPN→256ch, transformer L=3/h=4, RSSM h=256/z=256, augment=True, kl_free_bits=True, FH=4, effective_hz=2.",val/RL_loss=0.359429; val/DS_loss=0.32131,max_epochs=40; 로그경로=./logs/diffuvo_diff_fulldata_fh4_sdw/version_0,
2026-06-02,ovf_fh2_normoff,train_muvo_2D.py,train_run_002.arrow;train_run_003.arrow;train_run_005.arrow;train_run_006.arrow;train_run_007.arrow;train_run_010.arrow;train_run_011.arrow;train_run_012.arrow;train_run_013.arrow;train_run_014.arrow;train_run_017.arrow;train_run_018.arrow;train_run_019.arrow;train_run_020.arrow;train_run_022.arrow;train_run_023.arrow;train_run_025.arrow;train_run_026.arrow;train_run_027.arrow;train_run_028.arrow;train_run_029.arrow;train_run_030.arrow,validation_run_008.arrow;validation_run_024.arrow,2,320x768,32x1024,-30.0x10.0,256,256,0.0001,4000,OneCycleLR,2,"MUVO 2D-token RSSM (RSSMTD): 320x768 image input, 32x1024 LiDAR (out_indices=[1, 2, 3]), FPN→256ch, transformer L=3/h=4, RSSM h=256/z=256, augment=True, kl_free_bits=True, FH=2, effective_hz=2.",,max_epochs=1000; 로그경로=./logs/ovf_fh2_normoff/version_0,
2026-06-02,ovf_fh2_normon,train_muvo_2D.py,train_run_002.arrow;train_run_003.arrow;train_run_005.arrow;train_run_006.arrow;train_run_007.arrow;train_run_010.arrow;train_run_011.arrow;train_run_012.arrow;train_run_013.arrow;train_run_014.arrow;train_run_017.arrow;train_run_018.arrow;train_run_019.arrow;train_run_020.arrow;train_run_022.arrow;train_run_023.arrow;train_run_025.arrow;train_run_026.arrow;train_run_027.arrow;train_run_028.arrow;train_run_029.arrow;train_run_030.arrow,validation_run_008.arrow;validation_run_024.arrow,2,320x768,32x1024,-30.0x10.0,256,256,0.0001,4000,OneCycleLR,2,"MUVO 2D-token RSSM (RSSMTD): 320x768 image input, 32x1024 LiDAR (out_indices=[1, 2, 3]), FPN→256ch, transformer L=3/h=4, RSSM h=256/z=256, augment=True, kl_free_bits=True, FH=2, effective_hz=2.",,max_epochs=1000; 로그경로=./logs/ovf_fh2_normon/version_0,
2026-06-02,diffuvo_normoff_fh2_overfit8,train_muvo_2D.py,train_run_002.arrow;train_run_003.arrow;train_run_005.arrow;train_run_006.arrow;train_run_007.arrow;train_run_010.arrow;train_run_011.arrow;train_run_012.arrow;train_run_013.arrow;train_run_014.arrow;train_run_017.arrow;train_run_018.arrow;train_run_019.arrow;train_run_020.arrow;train_run_022.arrow;train_run_023.arrow;train_run_025.arrow;train_run_026.arrow;train_run_027.arrow;train_run_028.arrow;train_run_029.arrow;train_run_030.arrow,validation_run_008.arrow;validation_run_024.arrow,2,320x768,32x1024,-30.0x10.0,256,256,0.0001,4000,OneCycleLR,2,"MUVO 2D-token RSSM (RSSMTD): 320x768 image input, 32x1024 LiDAR (out_indices=[1, 2, 3]), FPN→256ch, transformer L=3/h=4, RSSM h=256/z=256, augment=True, kl_free_bits=True, FH=2, effective_hz=2.",,max_epochs=1000; 로그경로=./logs/diffuvo_normoff_fh2_overfit8/version_0,
2026-06-02,diffuvo_normon_fh2_overfit8,train_muvo_2D.py,train_run_002.arrow;train_run_003.arrow;train_run_005.arrow;train_run_006.arrow;train_run_007.arrow;train_run_010.arrow;train_run_011.arrow;train_run_012.arrow;train_run_013.arrow;train_run_014.arrow;train_run_017.arrow;train_run_018.arrow;train_run_019.arrow;train_run_020.arrow;train_run_022.arrow;train_run_023.arrow;train_run_025.arrow;train_run_026.arrow;train_run_027.arrow;train_run_028.arrow;train_run_029.arrow;train_run_030.arrow,validation_run_008.arrow;validation_run_024.arrow,2,320x768,32x1024,-30.0x10.0,256,256,0.0001,4000,OneCycleLR,2,"MUVO 2D-token RSSM (RSSMTD): 320x768 image input, 32x1024 LiDAR (out_indices=[1, 2, 3]), FPN→256ch, transformer L=3/h=4, RSSM h=256/z=256, augment=True, kl_free_bits=True, FH=2, effective_hz=2.",,max_epochs=1000; 로그경로=./logs/diffuvo_normon_fh2_overfit8/version_0,
2026-06-02,diffuvo_overfit1win_long,train_muvo_2D.py,train_run_002.arrow;train_run_003.arrow;train_run_005.arrow;train_run_006.arrow;train_run_007.arrow;train_run_010.arrow;train_run_011.arrow;train_run_012.arrow;train_run_013.arrow;train_run_014.arrow;train_run_017.arrow;train_run_018.arrow;train_run_019.arrow;train_run_020.arrow;train_run_022.arrow;train_run_023.arrow;train_run_025.arrow;train_run_026.arrow;train_run_027.arrow;train_run_028.arrow;train_run_029.arrow;train_run_030.arrow,validation_run_008.arrow;validation_run_024.arrow,2,320x768,32x1024,-30.0x10.0,256,256,0.0001,5000,OneCycleLR,1,"MUVO 2D-token RSSM (RSSMTD): 320x768 image input, 32x1024 LiDAR (out_indices=[1, 2, 3]), FPN→256ch, transformer L=3/h=4, RSSM h=256/z=256, augment=True, kl_free_bits=True, FH=2, effective_hz=2.",,max_epochs=5000; 로그경로=./logs/diffuvo_overfit1win_long/version_0,
2026-06-02,diffuvo_overfit1win_constlr,train_muvo_2D.py,train_run_002.arrow;train_run_003.arrow;train_run_005.arrow;train_run_006.arrow;train_run_007.arrow;train_run_010.arrow;train_run_011.arrow;train_run_012.arrow;train_run_013.arrow;train_run_014.arrow;train_run_017.arrow;train_run_018.arrow;train_run_019.arrow;train_run_020.arrow;train_run_022.arrow;train_run_023.arrow;train_run_025.arrow;train_run_026.arrow;train_run_027.arrow;train_run_028.arrow;train_run_029.arrow;train_run_030.arrow,validation_run_008.arrow;validation_run_024.arrow,2,320x768,32x1024,-30.0x10.0,256,256,0.0001,5000,none,1,"MUVO 2D-token RSSM (RSSMTD): 320x768 image input, 32x1024 LiDAR (out_indices=[1, 2, 3]), FPN→256ch, transformer L=3/h=4, RSSM h=256/z=256, augment=True, kl_free_bits=True, FH=2, effective_hz=2.",,max_epochs=5000; 로그경로=./logs/diffuvo_overfit1win_constlr/version_0,
2026-06-03,diffuvo_diff_fulldata_fh4_rebal150,train_muvo_2D.py,train_run_002.arrow;train_run_003.arrow;train_run_005.arrow;train_run_006.arrow;train_run_007.arrow;train_run_010.arrow;train_run_011.arrow;train_run_012.arrow;train_run_013.arrow;train_run_014.arrow;train_run_017.arrow;train_run_018.arrow;train_run_019.arrow;train_run_020.arrow;train_run_022.arrow;train_run_023.arrow;train_run_025.arrow;train_run_026.arrow;train_run_027.arrow;train_run_028.arrow;train_run_029.arrow;train_run_030.arrow,validation_run_008.arrow;validation_run_024.arrow,2,320x768,32x1024,-30.0x10.0,256,256,0.0002,125250,OneCycleLR,8,"MUVO 2D-token RSSM (RSSMTD): 320x768 image input, 32x1024 LiDAR (out_indices=[1, 2, 3]), FPN→256ch, transformer L=3/h=4, RSSM h=256/z=256, augment=True, kl_free_bits=True, FH=4, effective_hz=2.",val/RL_loss=0.330136; val/DS_loss=0.291457,max_epochs=150; 로그경로=./logs/diffuvo_diff_fulldata_fh4_rebal150/version_4,
2026-06-04,run_001_fh2_ar_baseline,train_muvo_2D.py,train_run_002.arrow;train_run_003.arrow;train_run_005.arrow;train_run_006.arrow;train_run_007.arrow;train_run_010.arrow;train_run_011.arrow;train_run_012.arrow;train_run_013.arrow;train_run_014.arrow;train_run_017.arrow;train_run_018.arrow;train_run_019.arrow;train_run_020.arrow;train_run_022.arrow;train_run_023.arrow;train_run_025.arrow;train_run_026.arrow;train_run_027.arrow;train_run_028.arrow;train_run_029.arrow;train_run_030.arrow,validation_run_008.arrow;validation_run_024.arrow,2,320x768,32x1024,-30.0x10.0,256,256,0.0001,149120,OneCycleLR,2,"MUVO 2D-token RSSM (RSSMTD): 320x768 image input, 32x1024 LiDAR (out_indices=[1, 2, 3]), FPN→256ch, transformer L=3/h=4, RSSM h=256/z=256, augment=True, kl_free_bits=True, FH=2, effective_hz=2.",val/RL_loss=0.300106; val/DS_loss=0.311302,max_epochs=40; 로그경로=/home/carol/chaeyeon-kim/alpha26/archive/Diffuvo_AR/log/run_001_fh2_ar_baseline/version_0,
2026-05-27,diff_overfit_4k,,,,,,,,,,0.0001,4000,,,"MUVO 2D-token RSSM (RSSMTD): 320x768 image input, 32x1024 LiDAR (out_indices=[1, 2, 3]), FPN→256ch, transformer L=3/h=4, RSSM h=256/z=256, augment=True, kl_free_bits=True, FH=2, effective_hz=2.",,"hj overfit (1window, diffusion); train_loss_epoch=0.8036@ep3447; 로그경로=./archive/hj/logs/diff_overfit_4k/version_0",
2026-05-27,recon_only_overfit,,,,,,,,,,0.0001,,,,"MUVO 2D-token RSSM (RSSMTD): 320x768 image input, 32x1024 LiDAR (out_indices=[1, 2, 3]), FPN→256ch, transformer L=3/h=4, RSSM h=256/z=256, augment=True, kl_free_bits=True, recon-only(no diffusion), FH=4, effective_hz=2.",,hj overfit recon-only; train_loss_epoch=0.2766; 로그경로=./archive/hj/logs/recon_only_overfit/version_0,
2026-06-02,diffuvo_overfit16_constlr2e4,,,,,,,,,,0.0002,,const,,"Diffuvo_WM diffusion stage overfit (16 samples, const LR 2e-4).",,Diffuvo_WM overfit16; train_loss_epoch=0.8084; 로그경로=./archive/Diffuvo_WM/logs/diffuvo_overfit16_constlr2e4/version_0,
2026-06-04,run_002_fh2_ar_200ep,,,,,,,,,,0.0001,14911,,,"MUVO 2D-token RSSM (RSSMTD): 320x768 image input, 32x1024 LiDAR (out_indices=[1, 2, 3]), FPN→256ch, transformer L=3/h=4, RSSM h=256/z=256, augment=True, kl_free_bits=True, causal AR (teacher-forcing+per-step action), FH=2, effective_hz=2.",val/RL_loss=0.601000; val/DS_loss=0.633800,Diffuvo_AR run_002 (200ep); 로그경로=./archive/Diffuvo_AR/log/run_002_fh2_ar_200ep/version_0,
2026-05-20,overfit_same_muvo2d_6samples,,,,,,,,,,0.0001,9000,,,"MUVO 2D-token RSSM (RSSMTD): 320x768 image input, 32x1024 LiDAR (out_indices=[1, 2, 3]), FPN→256ch, transformer L=3/h=4, RSSM h=256/z=256, augment=True, kl_free_bits=True, action_loss=1.0, FH=2, effective_hz=2.",,muvo2d overfit(6 samples); tfevents에 scalar 미기록; 로그경로=./logs/overfit_same_muvo2d_6samples/version_0,
2026-05-12,trainer11_server_full_h256_z128_lidar_re10_empty005,all train_run_*.arrow,,,2,,,,256,128,0.0001,150000,OneCycle,8 (2/GPU x4),"trainer11 full 4-GPU server training (DDP find_unused). h=256/z=128, WEIGHT_LIDAR_RE=1.0 (run name re10 means 1.0), WEIGHT_LIDAR_EMPTY=0.05, emb=128, lr=1e-4. RGB MSE + LiDAR range/empty + KL(free-bits) + future-pred.",val/RL_loss=32.6385; val/DS_loss=23.2331; val/RL_rgb_psnr=14.434; val/DS_rgb_psnr=16.4701; val/RL_lidar_chamfer_xyz=1.5298; val/DS_lidar_chamfer_xyz=1.29976; val/RL_future_rgb_psnr=13.7471; val/DS_future_rgb_psnr=16.2976,4-GPU 서버 full run; 서버에서 transfer; 로그+ckpt=server_results/transfer_trainer11_result/trainer11_server_full_h256_z128_lidar_re10_empty005/ (step 149999),server_full
2026-05-20,muvo2D_quarter_h256z256_2hz_40epoch,train_muvo_2D.py,train_run_002.arrow;train_run_003.arrow;train_run_005.arrow;train_run_006.arrow;train_run_007.arrow;train_run_010.arrow;train_run_011.arrow;train_run_012.arrow;train_run_013.arrow;train_run_014.arrow;train_run_017.arrow;train_run_018.arrow;train_run_019.arrow;train_run_020.arrow;train_run_022.arrow;train_run_023.arrow;train_run_025.arrow;train_run_026.arrow;train_run_027.arrow;train_run_028.arrow;train_run_029.arrow;train_run_030.arrow,train_run_002.arrow;train_run_003.arrow;train_run_005.arrow;train_run_006.arrow;train_run_007.arrow;train_run_010.arrow;train_run_011.arrow;train_run_012.arrow;train_run_013.arrow;train_run_014.arrow;train_run_017.arrow;train_run_018.arrow;train_run_019.arrow;train_run_020.arrow;train_run_022.arrow;train_run_023.arrow;train_run_025.arrow;train_run_026.arrow;train_run_027.arrow;train_run_028.arrow;train_run_029.arrow;train_run_030.arrow;train_run_002.arrow;train_run_003.arrow;train_run_005.arrow;train_run_006.arrow;train_run_007.arrow;train_run_010.arrow;train_run_011.arrow;train_run_012.arrow;train_run_013.arrow;train_run_014.arrow;train_run_017.arrow;train_run_018.arrow;train_run_019.arrow;train_run_020.arrow;train_run_022.arrow;train_run_023.arrow;train_run_025.arrow;train_run_026.arrow;train_run_027.arrow;train_run_028.arrow;train_run_029.arrow;train_run_030.arrow,2,320x768,32x1024,-30.0x10.0,256,256,0.0001,8360,OneCycleLR,8,"MUVO 2D-token RSSM (RSSMTD): 320x768 image input, 32x1024 LiDAR (out_indices=[1, 2, 3]), FPN→256ch, transformer L=3/h=4, RSSM h=256/z=256, action_loss=1.0, augment=True, kl_free_bits=True, FH=2, effective_hz=2.",val/RL_loss=0.537341; val/DS_loss=0.534999; val/RL_rgb_psnr=14.6539; val/DS_rgb_psnr=14.6645; val/RL_lidar_chamfer_xyz=9.54252; val/DS_lidar_chamfer_xyz=9.53942; val/RL_lidar_chamfer_xyz_nearfield=10.8367; val/DS_lidar_chamfer_xyz_nearfield=10.8501; val/RL_action=0.0166578; val/DS_action=0.0161827,"max_epochs=40; 로그경로=./logs/muvo2D_quarter_h256z256_2hz_40epoch/version_0 | 출처=server_results/Server1/ (figures 동봉, 서버 transfer)",muvo2D_quarter_baseline
2026-05-20,muvo2D_quarter_h256z256_2hz_40epoch,train_muvo_2D.py,train_run_002.arrow;train_run_003.arrow;train_run_005.arrow;train_run_006.arrow;train_run_007.arrow;train_run_010.arrow;train_run_011.arrow;train_run_012.arrow;train_run_013.arrow;train_run_014.arrow;train_run_017.arrow;train_run_018.arrow;train_run_019.arrow;train_run_020.arrow;train_run_022.arrow;train_run_023.arrow;train_run_025.arrow;train_run_026.arrow;train_run_027.arrow;train_run_028.arrow;train_run_029.arrow;train_run_030.arrow,train_run_002.arrow;train_run_003.arrow;train_run_005.arrow;train_run_006.arrow;train_run_007.arrow;train_run_010.arrow;train_run_011.arrow;train_run_012.arrow;train_run_013.arrow;train_run_014.arrow;train_run_017.arrow;train_run_018.arrow;train_run_019.arrow;train_run_020.arrow;train_run_022.arrow;train_run_023.arrow;train_run_025.arrow;train_run_026.arrow;train_run_027.arrow;train_run_028.arrow;train_run_029.arrow;train_run_030.arrow;train_run_002.arrow;train_run_003.arrow;train_run_005.arrow;train_run_006.arrow;train_run_007.arrow;train_run_010.arrow;train_run_011.arrow;train_run_012.arrow;train_run_013.arrow;train_run_014.arrow;train_run_017.arrow;train_run_018.arrow;train_run_019.arrow;train_run_020.arrow;train_run_022.arrow;train_run_023.arrow;train_run_025.arrow;train_run_026.arrow;train_run_027.arrow;train_run_028.arrow;train_run_029.arrow;train_run_030.arrow,2,320x768,32x1024,-30.0x10.0,256,256,0.0001,8360,OneCycleLR,8,"MUVO 2D-token RSSM (RSSMTD): 320x768 image input, 32x1024 LiDAR (out_indices=[1, 2, 3]), FPN→256ch, transformer L=3/h=4, RSSM h=256/z=256, action_loss=1.0, augment=True, kl_free_bits=True, FH=2, effective_hz=2.",val/RL_loss=0.487335; val/DS_loss=0.48827; val/RL_rgb_psnr=15.1931; val/DS_rgb_psnr=15.1798; val/RL_lidar_chamfer_xyz=9.64802; val/DS_lidar_chamfer_xyz=9.65317; val/RL_lidar_chamfer_xyz_nearfield=7.72306; val/DS_lidar_chamfer_xyz_nearfield=7.71286; val/RL_action=0.0180384; val/DS_action=0.0188374,"max_epochs=40; 로그경로=./logs/muvo2D_quarter_h256z256_2hz_40epoch/version_0 | 출처=server_results/Server1/ (figures 동봉, 서버 transfer)",muvo2D_quarter_baseline
2026-05-20,muvo2D_quarter_h256z256_2hz_40epoch,train_muvo_2D.py,train_run_002.arrow;train_run_003.arrow;train_run_005.arrow;train_run_006.arrow;train_run_007.arrow;train_run_010.arrow;train_run_011.arrow;train_run_012.arrow;train_run_013.arrow;train_run_014.arrow;train_run_017.arrow;train_run_018.arrow;train_run_019.arrow;train_run_020.arrow;train_run_022.arrow;train_run_023.arrow;train_run_025.arrow;train_run_026.arrow;train_run_027.arrow;train_run_028.arrow;train_run_029.arrow;train_run_030.arrow,train_run_002.arrow;train_run_003.arrow;train_run_005.arrow;train_run_006.arrow;train_run_007.arrow;train_run_010.arrow;train_run_011.arrow;train_run_012.arrow;train_run_013.arrow;train_run_014.arrow;train_run_017.arrow;train_run_018.arrow;train_run_019.arrow;train_run_020.arrow;train_run_022.arrow;train_run_023.arrow;train_run_025.arrow;train_run_026.arrow;train_run_027.arrow;train_run_028.arrow;train_run_029.arrow;train_run_030.arrow;train_run_002.arrow;train_run_003.arrow;train_run_005.arrow;train_run_006.arrow;train_run_007.arrow;train_run_010.arrow;train_run_011.arrow;train_run_012.arrow;train_run_013.arrow;train_run_014.arrow;train_run_017.arrow;train_run_018.arrow;train_run_019.arrow;train_run_020.arrow;train_run_022.arrow;train_run_023.arrow;train_run_025.arrow;train_run_026.arrow;train_run_027.arrow;train_run_028.arrow;train_run_029.arrow;train_run_030.arrow,2,320x768,32x1024,-30.0x10.0,256,256,0.0001,8360,OneCycleLR,8,"MUVO 2D-token RSSM (RSSMTD): 320x768 image input, 32x1024 LiDAR (out_indices=[1, 2, 3]), FPN→256ch, transformer L=3/h=4, RSSM h=256/z=256, action_loss=1.0, augment=True, kl_free_bits=True, FH=2, effective_hz=2.",val/RL_loss=0.525948; val/DS_loss=0.527059; val/RL_rgb_psnr=14.5866; val/DS_rgb_psnr=14.5903; val/RL_lidar_chamfer_xyz=9.43863; val/DS_lidar_chamfer_xyz=9.44403; val/RL_lidar_chamfer_xyz_nearfield=9.84462; val/DS_lidar_chamfer_xyz_nearfield=9.83136; val/RL_action=0.0261214; val/DS_action=0.0267321,"max_epochs=40; 로그경로=./logs/muvo2D_quarter_h256z256_2hz_40epoch/version_0 | 출처=server_results/Server1/ (figures 동봉, 서버 transfer)",muvo2D_quarter_baseline
2026-05-20,muvo2D_quarter_h256z256_2hz_40epoch,train_muvo_2D.py,train_run_002.arrow;train_run_003.arrow;train_run_005.arrow;train_run_006.arrow;train_run_007.arrow;train_run_010.arrow;train_run_011.arrow;train_run_012.arrow;train_run_013.arrow;train_run_014.arrow;train_run_017.arrow;train_run_018.arrow;train_run_019.arrow;train_run_020.arrow;train_run_022.arrow;train_run_023.arrow;train_run_025.arrow;train_run_026.arrow;train_run_027.arrow;train_run_028.arrow;train_run_029.arrow;train_run_030.arrow,train_run_002.arrow;train_run_003.arrow;train_run_005.arrow;train_run_006.arrow;train_run_007.arrow;train_run_010.arrow;train_run_011.arrow;train_run_012.arrow;train_run_013.arrow;train_run_014.arrow;train_run_017.arrow;train_run_018.arrow;train_run_019.arrow;train_run_020.arrow;train_run_022.arrow;train_run_023.arrow;train_run_025.arrow;train_run_026.arrow;train_run_027.arrow;train_run_028.arrow;train_run_029.arrow;train_run_030.arrow;train_run_002.arrow;train_run_003.arrow;train_run_005.arrow;train_run_006.arrow;train_run_007.arrow;train_run_010.arrow;train_run_011.arrow;train_run_012.arrow;train_run_013.arrow;train_run_014.arrow;train_run_017.arrow;train_run_018.arrow;train_run_019.arrow;train_run_020.arrow;train_run_022.arrow;train_run_023.arrow;train_run_025.arrow;train_run_026.arrow;train_run_027.arrow;train_run_028.arrow;train_run_029.arrow;train_run_030.arrow,2,320x768,32x1024,-30.0x10.0,256,256,0.0001,8360,OneCycleLR,8,"MUVO 2D-token RSSM (RSSMTD): 320x768 image input, 32x1024 LiDAR (out_indices=[1, 2, 3]), FPN→256ch, transformer L=3/h=4, RSSM h=256/z=256, action_loss=1.0, augment=True, kl_free_bits=True, FH=2, effective_hz=2.",val/RL_loss=0.576066; val/DS_loss=0.577307; val/RL_rgb_psnr=14.013; val/DS_rgb_psnr=14.0048; val/RL_lidar_chamfer_xyz=10.156; val/DS_lidar_chamfer_xyz=10.1572; val/RL_lidar_chamfer_xyz_nearfield=10.8627; val/DS_lidar_chamfer_xyz_nearfield=10.8979; val/RL_action=0.0194442; val/DS_action=0.0201536,"max_epochs=40; 로그경로=./logs/muvo2D_quarter_h256z256_2hz_40epoch/version_0 | 출처=server_results/Server1/ (figures 동봉, 서버 transfer)",muvo2D_quarter_baseline
2026-05-20,muvo2D_quarter_lidar01_h256z256_2hz_bs6_200epoch,train_muvo_2D.py,train_run_002.arrow;train_run_003.arrow;train_run_005.arrow;train_run_006.arrow;train_run_007.arrow;train_run_010.arrow;train_run_011.arrow;train_run_012.arrow;train_run_013.arrow;train_run_014.arrow;train_run_017.arrow;train_run_018.arrow;train_run_019.arrow;train_run_020.arrow;train_run_022.arrow;train_run_023.arrow;train_run_025.arrow;train_run_026.arrow;train_run_027.arrow;train_run_028.arrow;train_run_029.arrow;train_run_030.arrow,train_run_002.arrow;train_run_003.arrow;train_run_005.arrow;train_run_006.arrow;train_run_007.arrow;train_run_010.arrow;train_run_011.arrow;train_run_012.arrow;train_run_013.arrow;train_run_014.arrow;train_run_017.arrow;train_run_018.arrow;train_run_019.arrow;train_run_020.arrow;train_run_022.arrow;train_run_023.arrow;train_run_025.arrow;train_run_026.arrow;train_run_027.arrow;train_run_028.arrow;train_run_029.arrow;train_run_030.arrow;train_run_002.arrow;train_run_003.arrow;train_run_005.arrow;train_run_006.arrow;train_run_007.arrow;train_run_010.arrow;train_run_011.arrow;train_run_012.arrow;train_run_013.arrow;train_run_014.arrow;train_run_017.arrow;train_run_018.arrow;train_run_019.arrow;train_run_020.arrow;train_run_022.arrow;train_run_023.arrow;train_run_025.arrow;train_run_026.arrow;train_run_027.arrow;train_run_028.arrow;train_run_029.arrow;train_run_030.arrow,2,320x768,32x1024,-30.0x10.0,256,256,0.0001,14200,OneCycleLR,24,"MUVO 2D-token RSSM (RSSMTD): 320x768 image input, 32x1024 LiDAR (out_indices=[1, 2, 3]), FPN→256ch, transformer L=3/h=4, RSSM h=256/z=256, action_loss=1.0, augment=True, kl_free_bits=True, FH=2, effective_hz=2.",val/RL_loss=0.436518; val/DS_loss=0.436372; val/RL_rgb_psnr=17.5352; val/DS_rgb_psnr=17.5283; val/RL_lidar_chamfer_xyz=1.831; val/DS_lidar_chamfer_xyz=1.83214; val/RL_lidar_chamfer_xyz_nearfield=2.42113; val/DS_lidar_chamfer_xyz_nearfield=2.42055; val/RL_action=0.00941643; val/DS_action=0.00922313,"max_epochs=200; 로그경로=./logs/muvo2D_quarter_lidar01_h256z256_2hz_bs6_200epoch/version_1 | 출처=server_results/Server1/ (figures 동봉, 서버 transfer)",muvo2D_quarter_lidar_on
2026-05-20,muvo2D_quarter_lidar01_h256z256_2hz_bs6_200epoch,train_muvo_2D.py,train_run_002.arrow;train_run_003.arrow;train_run_005.arrow;train_run_006.arrow;train_run_007.arrow;train_run_010.arrow;train_run_011.arrow;train_run_012.arrow;train_run_013.arrow;train_run_014.arrow;train_run_017.arrow;train_run_018.arrow;train_run_019.arrow;train_run_020.arrow;train_run_022.arrow;train_run_023.arrow;train_run_025.arrow;train_run_026.arrow;train_run_027.arrow;train_run_028.arrow;train_run_029.arrow;train_run_030.arrow,train_run_002.arrow;train_run_003.arrow;train_run_005.arrow;train_run_006.arrow;train_run_007.arrow;train_run_010.arrow;train_run_011.arrow;train_run_012.arrow;train_run_013.arrow;train_run_014.arrow;train_run_017.arrow;train_run_018.arrow;train_run_019.arrow;train_run_020.arrow;train_run_022.arrow;train_run_023.arrow;train_run_025.arrow;train_run_026.arrow;train_run_027.arrow;train_run_028.arrow;train_run_029.arrow;train_run_030.arrow;train_run_002.arrow;train_run_003.arrow;train_run_005.arrow;train_run_006.arrow;train_run_007.arrow;train_run_010.arrow;train_run_011.arrow;train_run_012.arrow;train_run_013.arrow;train_run_014.arrow;train_run_017.arrow;train_run_018.arrow;train_run_019.arrow;train_run_020.arrow;train_run_022.arrow;train_run_023.arrow;train_run_025.arrow;train_run_026.arrow;train_run_027.arrow;train_run_028.arrow;train_run_029.arrow;train_run_030.arrow,2,320x768,32x1024,-30.0x10.0,256,256,0.0001,14200,OneCycleLR,24,"MUVO 2D-token RSSM (RSSMTD): 320x768 image input, 32x1024 LiDAR (out_indices=[1, 2, 3]), FPN→256ch, transformer L=3/h=4, RSSM h=256/z=256, action_loss=1.0, augment=True, kl_free_bits=True, FH=2, effective_hz=2.",val/RL_loss=0.430015; val/DS_loss=0.429636; val/RL_rgb_psnr=17.6803; val/DS_rgb_psnr=17.6818; val/RL_lidar_chamfer_xyz=1.81905; val/DS_lidar_chamfer_xyz=1.81562; val/RL_lidar_chamfer_xyz_nearfield=2.32847; val/DS_lidar_chamfer_xyz_nearfield=2.3261; val/RL_action=0.0103046; val/DS_action=0.0102099,"max_epochs=200; 로그경로=./logs/muvo2D_quarter_lidar01_h256z256_2hz_bs6_200epoch/version_1 | 출처=server_results/Server1/ (figures 동봉, 서버 transfer)",muvo2D_quarter_lidar_on
2026-05-20,muvo2D_quarter_lidar01_h256z256_2hz_bs6_200epoch,train_muvo_2D.py,train_run_002.arrow;train_run_003.arrow;train_run_005.arrow;train_run_006.arrow;train_run_007.arrow;train_run_010.arrow;train_run_011.arrow;train_run_012.arrow;train_run_013.arrow;train_run_014.arrow;train_run_017.arrow;train_run_018.arrow;train_run_019.arrow;train_run_020.arrow;train_run_022.arrow;train_run_023.arrow;train_run_025.arrow;train_run_026.arrow;train_run_027.arrow;train_run_028.arrow;train_run_029.arrow;train_run_030.arrow,train_run_002.arrow;train_run_003.arrow;train_run_005.arrow;train_run_006.arrow;train_run_007.arrow;train_run_010.arrow;train_run_011.arrow;train_run_012.arrow;train_run_013.arrow;train_run_014.arrow;train_run_017.arrow;train_run_018.arrow;train_run_019.arrow;train_run_020.arrow;train_run_022.arrow;train_run_023.arrow;train_run_025.arrow;train_run_026.arrow;train_run_027.arrow;train_run_028.arrow;train_run_029.arrow;train_run_030.arrow;train_run_002.arrow;train_run_003.arrow;train_run_005.arrow;train_run_006.arrow;train_run_007.arrow;train_run_010.arrow;train_run_011.arrow;train_run_012.arrow;train_run_013.arrow;train_run_014.arrow;train_run_017.arrow;train_run_018.arrow;train_run_019.arrow;train_run_020.arrow;train_run_022.arrow;train_run_023.arrow;train_run_025.arrow;train_run_026.arrow;train_run_027.arrow;train_run_028.arrow;train_run_029.arrow;train_run_030.arrow,2,320x768,32x1024,-30.0x10.0,256,256,0.0001,14200,OneCycleLR,24,"MUVO 2D-token RSSM (RSSMTD): 320x768 image input, 32x1024 LiDAR (out_indices=[1, 2, 3]), FPN→256ch, transformer L=3/h=4, RSSM h=256/z=256, action_loss=1.0, augment=True, kl_free_bits=True, FH=2, effective_hz=2.",val/RL_loss=0.427887; val/DS_loss=0.427631; val/RL_rgb_psnr=17.3609; val/DS_rgb_psnr=17.3535; val/RL_lidar_chamfer_xyz=1.84709; val/DS_lidar_chamfer_xyz=1.8483; val/RL_lidar_chamfer_xyz_nearfield=2.41636; val/DS_lidar_chamfer_xyz_nearfield=2.41548; val/RL_action=0.0060897; val/DS_action=0.00610406,"max_epochs=200; 로그경로=./logs/muvo2D_quarter_lidar01_h256z256_2hz_bs6_200epoch/version_1 | 출처=server_results/Server1/ (figures 동봉, 서버 transfer)",muvo2D_quarter_lidar_on
2026-05-20,muvo2D_quarter_lidar01_h256z256_2hz_bs6_200epoch,train_muvo_2D.py,train_run_002.arrow;train_run_003.arrow;train_run_005.arrow;train_run_006.arrow;train_run_007.arrow;train_run_010.arrow;train_run_011.arrow;train_run_012.arrow;train_run_013.arrow;train_run_014.arrow;train_run_017.arrow;train_run_018.arrow;train_run_019.arrow;train_run_020.arrow;train_run_022.arrow;train_run_023.arrow;train_run_025.arrow;train_run_026.arrow;train_run_027.arrow;train_run_028.arrow;train_run_029.arrow;train_run_030.arrow,train_run_002.arrow;train_run_003.arrow;train_run_005.arrow;train_run_006.arrow;train_run_007.arrow;train_run_010.arrow;train_run_011.arrow;train_run_012.arrow;train_run_013.arrow;train_run_014.arrow;train_run_017.arrow;train_run_018.arrow;train_run_019.arrow;train_run_020.arrow;train_run_022.arrow;train_run_023.arrow;train_run_025.arrow;train_run_026.arrow;train_run_027.arrow;train_run_028.arrow;train_run_029.arrow;train_run_030.arrow;train_run_002.arrow;train_run_003.arrow;train_run_005.arrow;train_run_006.arrow;train_run_007.arrow;train_run_010.arrow;train_run_011.arrow;train_run_012.arrow;train_run_013.arrow;train_run_014.arrow;train_run_017.arrow;train_run_018.arrow;train_run_019.arrow;train_run_020.arrow;train_run_022.arrow;train_run_023.arrow;train_run_025.arrow;train_run_026.arrow;train_run_027.arrow;train_run_028.arrow;train_run_029.arrow;train_run_030.arrow,2,320x768,32x1024,-30.0x10.0,256,256,0.0001,14200,OneCycleLR,24,"MUVO 2D-token RSSM (RSSMTD): 320x768 image input, 32x1024 LiDAR (out_indices=[1, 2, 3]), FPN→256ch, transformer L=3/h=4, RSSM h=256/z=256, action_loss=1.0, augment=True, kl_free_bits=True, FH=2, effective_hz=2.",val/RL_loss=0.445255; val/DS_loss=0.445822; val/RL_rgb_psnr=17.4641; val/DS_rgb_psnr=17.4643; val/RL_lidar_chamfer_xyz=1.83256; val/DS_lidar_chamfer_xyz=1.83681; val/RL_lidar_chamfer_xyz_nearfield=2.36871; val/DS_lidar_chamfer_xyz_nearfield=2.37001; val/RL_action=0.0115712; val/DS_action=0.0117029,"max_epochs=200; 로그경로=./logs/muvo2D_quarter_lidar01_h256z256_2hz_bs6_200epoch/version_1 | 출처=server_results/Server1/ (figures 동봉, 서버 transfer)",muvo2D_quarter_lidar_on
2026-04-30,lightning_logs_v0,,,,,,,,,,0.0001,0,,,"trainer11 초기 로컬 탐색 run (run-scoped 로깅 이전, 기본 Lightning 로거; emb=128/lr=1e-4).",,alpha26/logs/lightning_logs/version_0/ (max_step=0). v9/v10(=36000step)의 ckpt가 alpha26/logs/*.ckpt(loose)로 저장됨. val 미기록.,legacy
2026-04-30,lightning_logs_v1,,,,,,,,,,0.0001,0,,,"trainer11 초기 로컬 탐색 run (run-scoped 로깅 이전, 기본 Lightning 로거; emb=128/lr=1e-4).",,alpha26/logs/lightning_logs/version_1/ (max_step=0). v9/v10(=36000step)의 ckpt가 alpha26/logs/*.ckpt(loose)로 저장됨. val 미기록.,legacy
2026-04-30,lightning_logs_v2,,,,,,,,,,0.0001,1889,,,"trainer11 초기 로컬 탐색 run (run-scoped 로깅 이전, 기본 Lightning 로거; emb=128/lr=1e-4).",,alpha26/logs/lightning_logs/version_2/ (max_step=1889). v9/v10(=36000step)의 ckpt가 alpha26/logs/*.ckpt(loose)로 저장됨. val 미기록.,legacy
2026-04-30,lightning_logs_v3,,,,,,,,,,0.0001,4,,,"trainer11 초기 로컬 탐색 run (run-scoped 로깅 이전, 기본 Lightning 로거; emb=128/lr=1e-4).",,alpha26/logs/lightning_logs/version_3/ (max_step=4). v9/v10(=36000step)의 ckpt가 alpha26/logs/*.ckpt(loose)로 저장됨. val 미기록.,legacy
2026-04-30,lightning_logs_v4,,,,,,,,,,0.0001,11999,,,"trainer11 초기 로컬 탐색 run (run-scoped 로깅 이전, 기본 Lightning 로거; emb=128/lr=1e-4).",,alpha26/logs/lightning_logs/version_4/ (max_step=11999). v9/v10(=36000step)의 ckpt가 alpha26/logs/*.ckpt(loose)로 저장됨. val 미기록.,legacy
2026-05-02,lightning_logs_v5,,,,,,,,,,0.0001,0,,,"trainer11 초기 로컬 탐색 run (run-scoped 로깅 이전, 기본 Lightning 로거; emb=128/lr=1e-4).",,alpha26/logs/lightning_logs/version_5/ (max_step=0). v9/v10(=36000step)의 ckpt가 alpha26/logs/*.ckpt(loose)로 저장됨. val 미기록.,legacy
2026-05-02,lightning_logs_v6,,,,,,,,,,0.0001,0,,,"trainer11 초기 로컬 탐색 run (run-scoped 로깅 이전, 기본 Lightning 로거; emb=128/lr=1e-4).",,alpha26/logs/lightning_logs/version_6/ (max_step=0). v9/v10(=36000step)의 ckpt가 alpha26/logs/*.ckpt(loose)로 저장됨. val 미기록.,legacy
2026-05-02,lightning_logs_v7,,,,,,,,,,0.0001,2409,,,"trainer11 초기 로컬 탐색 run (run-scoped 로깅 이전, 기본 Lightning 로거; emb=128/lr=1e-4).",,alpha26/logs/lightning_logs/version_7/ (max_step=2409). v9/v10(=36000step)의 ckpt가 alpha26/logs/*.ckpt(loose)로 저장됨. val 미기록.,legacy
2026-05-02,lightning_logs_v8,,,,,,,,,,0.0001,59,,,"trainer11 초기 로컬 탐색 run (run-scoped 로깅 이전, 기본 Lightning 로거; emb=128/lr=1e-4).",,alpha26/logs/lightning_logs/version_8/ (max_step=59). v9/v10(=36000step)의 ckpt가 alpha26/logs/*.ckpt(loose)로 저장됨. val 미기록.,legacy
2026-05-02,lightning_logs_v9,,,,,,,,,,0.0001,35999,,,"trainer11 초기 로컬 탐색 run (run-scoped 로깅 이전, 기본 Lightning 로거; emb=128/lr=1e-4).",,alpha26/logs/lightning_logs/version_9/ (max_step=35999). v9/v10(=36000step)의 ckpt가 alpha26/logs/*.ckpt(loose)로 저장됨. val 미기록.,legacy
2026-05-02,lightning_logs_v10,,,,,,,,,,0.0001,35999,,,"trainer11 초기 로컬 탐색 run (run-scoped 로깅 이전, 기본 Lightning 로거; emb=128/lr=1e-4).",,alpha26/logs/lightning_logs/version_10/ (max_step=35999). v9/v10(=36000step)의 ckpt가 alpha26/logs/*.ckpt(loose)로 저장됨. val 미기록.,legacy
2026-05-12,debug_single_gpu_workers0,trainer11_reviewed_alldata_40epoch_server.ipynb,train_run_002.arrow;train_run_003.arrow;train_run_005.arrow;train_run_006.arrow;train_run_007.arrow;train_run_010.arrow;train_run_011.arrow;train_run_012.arrow;train_run_013.arrow;train_run_014.arrow;train_run_017.arrow;train_run_018.arrow;train_run_019.arrow;train_run_020.arrow;train_run_022.arrow;train_run_023.arrow;train_run_025.arrow;train_run_026.arrow;train_run_027.arrow;train_run_028.arrow;train_run_029.arrow;train_run_030.arrow,validation_run_008.arrow;validation_run_024.arrow,2.0,216x288,32x256,-30.0x10.0,256,128,0.0001,20,OneCycleLR,2,"server full data: latent h=256 z=128; restored LiDAR loss weights WEIGHT_LIDAR_RE=1.0, WEIGHT_LIDAR_EMPTY=0.05; kept RGB=1.0, KL free-bits=1.0, OneCycleLR",val/RL_loss=305.182; val/DS_loss=244.978; val/RL_rgb_psnr=8.18514; val/DS_rgb_psnr=7.9789; val/RL_lidar_chamfer_xyz=10.7134; val/DS_lidar_chamfer_xyz=10.031; val/RL_future_lidar_chamfer_xyz=10.6064; val/DS_future_lidar_chamfer_xyz=10.0095,로그경로=/home/user/chaeyeon-kim/alpha26/logs/debug_single_gpu_workers0/version_0 | 출처=server_results/transfer_trainer11_result/ (서버 DDP/NCCL 디버그 run),
2026-05-12,debug_single_gpu_workers2,trainer11_reviewed_alldata_40epoch_server.ipynb,train_run_002.arrow;train_run_003.arrow;train_run_005.arrow;train_run_006.arrow;train_run_007.arrow;train_run_010.arrow;train_run_011.arrow;train_run_012.arrow;train_run_013.arrow;train_run_014.arrow;train_run_017.arrow;train_run_018.arrow;train_run_019.arrow;train_run_020.arrow;train_run_022.arrow;train_run_023.arrow;train_run_025.arrow;train_run_026.arrow;train_run_027.arrow;train_run_028.arrow;train_run_029.arrow;train_run_030.arrow,validation_run_008.arrow;validation_run_024.arrow,2.0,216x288,32x256,-30.0x10.0,256,128,0.0001,20,OneCycleLR,2,"server full data: latent h=256 z=128; restored LiDAR loss weights WEIGHT_LIDAR_RE=1.0, WEIGHT_LIDAR_EMPTY=0.05; kept RGB=1.0, KL free-bits=1.0, OneCycleLR",val/RL_loss=305.274; val/DS_loss=244.955; val/RL_rgb_psnr=6.7928; val/DS_rgb_psnr=6.90086; val/RL_lidar_chamfer_xyz=10.7468; val/DS_lidar_chamfer_xyz=10.0215; val/RL_future_lidar_chamfer_xyz=10.6176; val/DS_future_lidar_chamfer_xyz=10.0009,로그경로=/home/user/chaeyeon-kim/alpha26/logs/debug_single_gpu_workers2/version_0 | 출처=server_results/transfer_trainer11_result/ (서버 DDP/NCCL 디버그 run),
2026-05-12,debug_ddp_unused_ncclfix,trainer11_reviewed_alldata_40epoch_server.ipynb,train_run_002.arrow;train_run_003.arrow;train_run_005.arrow;train_run_006.arrow;train_run_007.arrow;train_run_010.arrow;train_run_011.arrow;train_run_012.arrow;train_run_013.arrow;train_run_014.arrow;train_run_017.arrow;train_run_018.arrow;train_run_019.arrow;train_run_020.arrow;train_run_022.arrow;train_run_023.arrow;train_run_025.arrow;train_run_026.arrow;train_run_027.arrow;train_run_028.arrow;train_run_029.arrow;train_run_030.arrow,validation_run_008.arrow;validation_run_024.arrow,2.0,216x288,32x256,-30.0x10.0,256,128,0.0001,50,OneCycleLR,8,"server full data: latent h=256 z=128; restored LiDAR loss weights WEIGHT_LIDAR_RE=1.0, WEIGHT_LIDAR_EMPTY=0.05; kept RGB=1.0, KL free-bits=1.0, OneCycleLR",val/RL_loss=307.355; val/DS_loss=250.245; val/RL_rgb_psnr=11.8525; val/DS_rgb_psnr=10.2863; val/RL_lidar_chamfer_xyz=10.2476; val/DS_lidar_chamfer_xyz=9.01377; val/RL_future_lidar_chamfer_xyz=10.5408; val/DS_future_lidar_chamfer_xyz=8.91323,로그경로=/home/user/chaeyeon-kim/alpha26/logs/debug_ddp_unused_ncclfix/version_0 | 출처=server_results/transfer_trainer11_result/ (서버 DDP/NCCL 디버그 run),
2026-05-12,debug_ddp_unused_ncclfix_workers2,trainer11_reviewed_alldata_40epoch_server.ipynb,train_run_002.arrow;train_run_003.arrow;train_run_005.arrow;train_run_006.arrow;train_run_007.arrow;train_run_010.arrow;train_run_011.arrow;train_run_012.arrow;train_run_013.arrow;train_run_014.arrow;train_run_017.arrow;train_run_018.arrow;train_run_019.arrow;train_run_020.arrow;train_run_022.arrow;train_run_023.arrow;train_run_025.arrow;train_run_026.arrow;train_run_027.arrow;train_run_028.arrow;train_run_029.arrow;train_run_030.arrow,validation_run_008.arrow;validation_run_024.arrow,2.0,216x288,32x256,-30.0x10.0,256,128,0.0001,50,OneCycleLR,8,"server full data: latent h=256 z=128; restored LiDAR loss weights WEIGHT_LIDAR_RE=1.0, WEIGHT_LIDAR_EMPTY=0.05; kept RGB=1.0, KL free-bits=1.0, OneCycleLR",val/RL_loss=308.205; val/DS_loss=251.789; val/RL_rgb_psnr=11.9841; val/DS_rgb_psnr=10.3949; val/RL_lidar_chamfer_xyz=10.1833; val/DS_lidar_chamfer_xyz=9.00229; val/RL_future_lidar_chamfer_xyz=10.4965; val/DS_future_lidar_chamfer_xyz=8.94443,로그경로=/home/user/chaeyeon-kim/alpha26/logs/debug_ddp_unused_ncclfix_workers2/version_0 | 출처=server_results/transfer_trainer11_result/ (서버 DDP/NCCL 디버그 run),
2026-05-28,muvo2D_full_muvoaligned_lidar01_h256z256_2hz_bs6x4_ep200,,,,2,,,,256,256,,,,24 (6x4),"muvo2D full 서버 run (MUVO 정렬, lidar01, h256/z256, 2hz, bs6x4). recon e0050~e0200 + loss_metrics 그림 보존.","~val_loss=0.9-1.0; val_rgb_psnr≈21.5(obs)/16.5(future); lidar_chamfer≈2.3-2.5; lidar_xyz_euclidean≈2.0m; KL≈0.035; future_chamfer≈2.3-2.5 (loss_metrics 그림 판독 근사값, ~55k step)",그림만 로컬 보존: alpha26/results/figures/muvo2D_full_muvoaligned_lidar01_h256z256_2hz_bs6x4_ep200*.png,muvo2d_server
2026-05-28,modified_muvo2D_full_muvoaligned_lidar01_h256z256_2hz_bs6x4_ep200,,,,2,,,,256,256,,,,24 (6x4),muvo2D full 서버 run의 modified 변형 (MUVO 정렬). recon s0/s5 + loss_metrics 그림 보존.,"~val_loss≈1.04; val_rgb_psnr≈21(RL)/15.8(future DS); lidar_chamfer≈2.2-2.7; lidar_xyz_euclidean≈7.6m; KL≈0.036; future_chamfer≈2.6-2.9 (그림 판독, step 56.6k~56.9k 구간만 = resume/finetune 세그먼트)",그림만 로컬 보존: alpha26/results/figures/modified_muvo2D_full_muvoaligned_lidar01_h256z256_2hz_bs6x4_ep200*.png,muvo2d_server
2026-05-29,lr_basline_muvo2d,,,,,,,,,,,,,,muvo2D LR baseline run. recon + loss_metrics 그림 보존.,"~val_loss=0.9-1.0; val_rgb_psnr≈21.5(obs)/16-17(future); lidar_chamfer≈2.5-3.0; lidar_xyz_euclidean≈3.0m; KL≈0.035 (loss_metrics 그림 판독 근사값, ~55k step)",그림만 로컬 보존: alpha26/results/figures/lr_basline_muvo2d*.png,muvo2d_server
2026-05-28,baseline_muvo_2d,,,,,,,,,,,,,,muvo2D baseline (분석/비교 그림 1장; 단일 run인지 패널인지 모호 — 그림만 존재).,정성 재구성 패널만 존재 (RGB GT/Pred + range-view); metrics 곡선 그림 없음,그림만 로컬 보존: alpha26/results/figures/baseline_muvo_2d*.png,muvo2d_server
2026-05-20,overfit_same_muvo2d_6samples,,,,,,,,,,0.0001,0,,,"MUVO 2D-token RSSM (RSSMTD): 320x768 image input, 32x1024 LiDAR (out_indices=[1, 2, 3]), FPN→256ch, transformer L=3/h=4, RSSM h=256/z=256, augment=True, kl_free_bits=True, action_loss=1.0, FH=2, effective_hz=2.",,version_1 추가 인스턴스 (재시작/중단); max_step=0; @ alpha26/logs/overfit_same_muvo2d_6samples/version_1; 0-step no-op 재시작,
2026-05-20,overfit_same_muvo2d_6samples,,,,,,,,,,0.0001,0,,,"MUVO 2D-token RSSM (RSSMTD): 320x768 image input, 32x1024 LiDAR (out_indices=[1, 2, 3]), FPN→256ch, transformer L=3/h=4, RSSM h=256/z=256, augment=True, kl_free_bits=True, action_loss=1.0, FH=2, effective_hz=2.",,version_0 추가 인스턴스 (재시작/중단); max_step=0; @ alpha26/logs/overfit_same_muvo2d_6samples/version_0; 0-step no-op 재시작,
2026-05-14,one_window_overfit_train002_400epoch,trainer11_reviewed.ipynb,,,2.0,216x288,32x256,-30.0x10.0,256,128,0.0001,3,OneCycleLR,1,"v2: loss 재균형(RGB×10, LiDAR×0.2), KL free-bits=1.0, OneCycleLR; v3: TBPTT stride, per-sample continuation mask, KL free-bits dim fix, ModelCheckpoint timing, imagine() crash guard; v4: imagine action off-by-one(last_obs prepend), per-sample cont tensor, viz stride 통일, KL plot title 수정; v5: TBPTT _tbptt_action carry(init_action), bool cont t>0 action[:t] 복원, throttle_brake/steering->action 합성, _observe_and_imagine prev_action masking; v3_alldata_warmup_noearlystop: USE_ALL_TRAIN_RUNS=True 실제 전체 manifest 사용, EarlyStopping 제거, max_epochs 기준으로 warmup 실행",,version_0 추가 인스턴스 (재시작/중단); max_step=3; @ alpha26/logs/one_window_overfit_train002_400epoch/version_0,alpha_overfit_baselines
2026-05-14,one_window_overfit_train002_400epoch,trainer11_reviewed.ipynb,,,2.0,216x288,32x256,-30.0x10.0,256,128,0.0001,0,OneCycleLR,1,"v2: loss 재균형(RGB×10, LiDAR×0.2), KL free-bits=1.0, OneCycleLR; v3: TBPTT stride, per-sample continuation mask, KL free-bits dim fix, ModelCheckpoint timing, imagine() crash guard; v4: imagine action off-by-one(last_obs prepend), per-sample cont tensor, viz stride 통일, KL plot title 수정; v5: TBPTT _tbptt_action carry(init_action), bool cont t>0 action[:t] 복원, throttle_brake/steering->action 합성, _observe_and_imagine prev_action masking; v3_alldata_warmup_noearlystop: USE_ALL_TRAIN_RUNS=True 실제 전체 manifest 사용, EarlyStopping 제거, max_epochs 기준으로 warmup 실행",,version_2 추가 인스턴스 (재시작/중단); max_step=0; @ alpha26/logs/one_window_overfit_train002_400epoch/version_2; 0-step no-op 재시작,alpha_overfit_baselines
2026-05-30,debug_overfit_fh2_ae_v2,train_muvo_2D.py,,,2,320x768,32x1024,-30.0x10.0,256,256,0.0003,223,OneCycleLR,2,"MUVO 2D-token RSSM (RSSMTD): 320x768 image input, 32x1024 LiDAR (out_indices=[1, 2, 3]), FPN→256ch, transformer L=3/h=4, RSSM h=256/z=256, augment=False, kl_free_bits=True, FH=2, effective_hz=2.",,version_0 추가 인스턴스 (재시작/중단); max_step=223; @ alpha26/archive/Diffuvo_WM/src/logs/debug_overfit_fh2_ae_v2/version_0,
2026-05-31,diffuvo_ae_fulldata_fh4,train_muvo_2D.py,,,2,320x768,32x1024,-30.0x10.0,256,256,0.0001,1779,OneCycleLR,2,"MUVO 2D-token RSSM (RSSMTD): 320x768 image input, 32x1024 LiDAR (out_indices=[1, 2, 3]), FPN→256ch, transformer L=3/h=4, RSSM h=256/z=256, augment=True, kl_free_bits=True, FH=4, effective_hz=2.",,version_0 추가 인스턴스 (재시작/중단); max_step=1779; @ alpha26/archive/Diffuvo_WM/src/logs/diffuvo_ae_fulldata_fh4/version_0,
2026-05-31,diffuvo_ae_fulldata_fh4,train_muvo_2D.py,,,2,320x768,32x1024,-30.0x10.0,256,256,0.0001,249,OneCycleLR,2,"MUVO 2D-token RSSM (RSSMTD): 320x768 image input, 32x1024 LiDAR (out_indices=[1, 2, 3]), FPN→256ch, transformer L=3/h=4, RSSM h=256/z=256, augment=True, kl_free_bits=True, FH=4, effective_hz=2.",,version_1 추가 인스턴스 (재시작/중단); max_step=249; @ alpha26/archive/Diffuvo_WM/src/logs/diffuvo_ae_fulldata_fh4/version_1,
2026-06-02,diffuvo_diff_fulldata_fh4_rebal150,train_muvo_2D.py,,,2,320x768,32x1024,-30.0x10.0,256,256,0.0002,539,OneCycleLR,8,"MUVO 2D-token RSSM (RSSMTD): 320x768 image input, 32x1024 LiDAR (out_indices=[1, 2, 3]), FPN→256ch, transformer L=3/h=4, RSSM h=256/z=256, augment=True, kl_free_bits=True, FH=4, effective_hz=2.",,version_0 추가 인스턴스 (재시작/중단); max_step=539; @ alpha26/archive/Diffuvo_WM/logs/diffuvo_diff_fulldata_fh4_rebal150/version_0,
2026-06-02,diffuvo_diff_fulldata_fh4_rebal150,train_muvo_2D.py,,,2,320x768,32x1024,-30.0x10.0,256,256,0.0002,289,OneCycleLR,8,"MUVO 2D-token RSSM (RSSMTD): 320x768 image input, 32x1024 LiDAR (out_indices=[1, 2, 3]), FPN→256ch, transformer L=3/h=4, RSSM h=256/z=256, augment=True, kl_free_bits=True, FH=4, effective_hz=2.",,version_2 추가 인스턴스 (재시작/중단); max_step=289; @ alpha26/archive/Diffuvo_WM/logs/diffuvo_diff_fulldata_fh4_rebal150/version_2,
2026-06-02,diffuvo_diff_fulldata_fh4_rebal150,train_muvo_2D.py,,,2,320x768,32x1024,-30.0x10.0,256,256,0.0002,0,OneCycleLR,8,"MUVO 2D-token RSSM (RSSMTD): 320x768 image input, 32x1024 LiDAR (out_indices=[1, 2, 3]), FPN→256ch, transformer L=3/h=4, RSSM h=256/z=256, augment=True, kl_free_bits=True, FH=4, effective_hz=2.",,version_1 추가 인스턴스 (재시작/중단); max_step=0; @ alpha26/archive/Diffuvo_WM/logs/diffuvo_diff_fulldata_fh4_rebal150/version_1; 0-step no-op 재시작,
2026-06-02,diffuvo_diff_fulldata_fh4_rebal150,train_muvo_2D.py,,,2,320x768,32x1024,-30.0x10.0,256,256,0.0002,0,OneCycleLR,8,"MUVO 2D-token RSSM (RSSMTD): 320x768 image input, 32x1024 LiDAR (out_indices=[1, 2, 3]), FPN→256ch, transformer L=3/h=4, RSSM h=256/z=256, augment=True, kl_free_bits=True, FH=4, effective_hz=2.",,version_3 추가 인스턴스 (재시작/중단); max_step=0; @ alpha26/archive/Diffuvo_WM/logs/diffuvo_diff_fulldata_fh4_rebal150/version_3; 0-step no-op 재시작,
2026-05-15,muvo_ssim06_one_window_overfit_h256_z128_1000epoch,train_muvo.py,,,2.0,320x768,32x1024,-30.0x10.0,256,128,0.0001,13,OneCycleLR,1,"MUVO-style alpha: 320x800 center-cropped image input, 32x1024 LiDAR range-view with 40m scaling, ResNet18 multi-scale FPN to 256 channels, 3-layer sensor fusion transformer, RSSM h256/z128, WEIGHT_SSIM=0.06.",,version_0 추가 인스턴스 (재시작/중단); max_step=13; @ alpha26/logs/muvo_ssim06_one_window_overfit_h256_z128_1000epoch/version_0,muvo_branch_post_migration
2026-05-13,overfitting_decoder512_pooling44_switch_pooling_epochs_200_hiddenstate_512_loss_weight,trainer11_reviewed.ipynb,,,2.0,216x288,32x256,-30.0x10.0,256,128,0.0001,0,OneCycleLR,2,"v2: loss 재균형(RGB×10, LiDAR×0.2), KL free-bits=1.0, OneCycleLR; v3: TBPTT stride, per-sample continuation mask, KL free-bits dim fix, ModelCheckpoint timing, imagine() crash guard; v4: imagine action off-by-one(last_obs prepend), per-sample cont tensor, viz stride 통일, KL plot title 수정; v5: TBPTT _tbptt_action carry(init_action), bool cont t>0 action[:t] 복원, throttle_brake/steering->action 합성, _observe_and_imagine prev_action masking; v3_alldata_warmup_noearlystop: USE_ALL_TRAIN_RUNS=True 실제 전체 manifest 사용, EarlyStopping 제거, max_epochs 기준으로 warmup 실행",,version_1 추가 인스턴스 (재시작/중단); max_step=0; @ alpha26/logs/overfitting_decoder512_pooling44_switch_pooling_epochs_200_hiddenstate_512_loss_weight/version_1; 0-step no-op 재시작,trainer11_original
2026-05-13,overfitting_decoder512_pooling44_switch_pooling_epochs_200_hiddenstate_512_loss_weight,trainer11_reviewed.ipynb,,,2.0,216x288,32x256,-30.0x10.0,256,128,0.0001,0,OneCycleLR,2,"v2: loss 재균형(RGB×10, LiDAR×0.2), KL free-bits=1.0, OneCycleLR; v3: TBPTT stride, per-sample continuation mask, KL free-bits dim fix, ModelCheckpoint timing, imagine() crash guard; v4: imagine action off-by-one(last_obs prepend), per-sample cont tensor, viz stride 통일, KL plot title 수정; v5: TBPTT _tbptt_action carry(init_action), bool cont t>0 action[:t] 복원, throttle_brake/steering->action 합성, _observe_and_imagine prev_action masking; v3_alldata_warmup_noearlystop: USE_ALL_TRAIN_RUNS=True 실제 전체 manifest 사용, EarlyStopping 제거, max_epochs 기준으로 warmup 실행",,version_0 추가 인스턴스 (재시작/중단); max_step=0; @ alpha26/logs/overfitting_decoder512_pooling44_switch_pooling_epochs_200_hiddenstate_512_loss_weight/version_0; 0-step no-op 재시작,trainer11_original
2026-05-13,decoder512_pooling44_switch_pooling_epochs_200_hiddenstate_512_loss_weight,trainer11_reviewed.ipynb,,,2.0,216x288,32x256,-30.0x10.0,256,128,0.0001,47,OneCycleLR,2,"v2: loss 재균형(RGB×10, LiDAR×0.2), KL free-bits=1.0, OneCycleLR; v3: TBPTT stride, per-sample continuation mask, KL free-bits dim fix, ModelCheckpoint timing, imagine() crash guard; v4: imagine action off-by-one(last_obs prepend), per-sample cont tensor, viz stride 통일, KL plot title 수정; v5: TBPTT _tbptt_action carry(init_action), bool cont t>0 action[:t] 복원, throttle_brake/steering->action 합성, _observe_and_imagine prev_action masking; v3_alldata_warmup_noearlystop: USE_ALL_TRAIN_RUNS=True 실제 전체 manifest 사용, EarlyStopping 제거, max_epochs 기준으로 warmup 실행",val/DS_loss=862.8; val/DS_rgb_psnr=12.04; val/DS_lidar_chamfer_xyz=10.67; val/DS_future_rgb_psnr=10.62,version_2 추가 인스턴스 (재시작/중단); max_step=47; @ alpha26/logs/decoder512_pooling44_switch_pooling_epochs_200_hiddenstate_512_loss_weight/version_2,trainer11_original
2026-05-13,decoder512_pooling44_switch_pooling_epochs_200_hiddenstate_512_loss_weight,trainer11_reviewed.ipynb,,,2.0,216x288,32x256,-30.0x10.0,256,128,0.0001,43,OneCycleLR,2,"v2: loss 재균형(RGB×10, LiDAR×0.2), KL free-bits=1.0, OneCycleLR; v3: TBPTT stride, per-sample continuation mask, KL free-bits dim fix, ModelCheckpoint timing, imagine() crash guard; v4: imagine action off-by-one(last_obs prepend), per-sample cont tensor, viz stride 통일, KL plot title 수정; v5: TBPTT _tbptt_action carry(init_action), bool cont t>0 action[:t] 복원, throttle_brake/steering->action 합성, _observe_and_imagine prev_action masking; v3_alldata_warmup_noearlystop: USE_ALL_TRAIN_RUNS=True 실제 전체 manifest 사용, EarlyStopping 제거, max_epochs 기준으로 warmup 실행",val/DS_loss=685.6; val/DS_rgb_psnr=10.85; val/DS_lidar_chamfer_xyz=10.06; val/DS_future_rgb_psnr=10.08,version_3 추가 인스턴스 (재시작/중단); max_step=43; @ alpha26/logs/decoder512_pooling44_switch_pooling_epochs_200_hiddenstate_512_loss_weight/version_3,trainer11_original
2026-05-13,decoder512_pooling44_switch_pooling_epochs_200_hiddenstate_512_loss_weight,trainer11_reviewed.ipynb,,,2.0,216x288,32x256,-30.0x10.0,256,128,0.0001,39,OneCycleLR,2,"v2: loss 재균형(RGB×10, LiDAR×0.2), KL free-bits=1.0, OneCycleLR; v3: TBPTT stride, per-sample continuation mask, KL free-bits dim fix, ModelCheckpoint timing, imagine() crash guard; v4: imagine action off-by-one(last_obs prepend), per-sample cont tensor, viz stride 통일, KL plot title 수정; v5: TBPTT _tbptt_action carry(init_action), bool cont t>0 action[:t] 복원, throttle_brake/steering->action 합성, _observe_and_imagine prev_action masking; v3_alldata_warmup_noearlystop: USE_ALL_TRAIN_RUNS=True 실제 전체 manifest 사용, EarlyStopping 제거, max_epochs 기준으로 warmup 실행",val/DS_loss=877.8; val/DS_rgb_psnr=9.074; val/DS_lidar_chamfer_xyz=11.25; val/DS_future_rgb_psnr=7.342,version_1 추가 인스턴스 (재시작/중단); max_step=39; @ alpha26/logs/decoder512_pooling44_switch_pooling_epochs_200_hiddenstate_512_loss_weight/version_1,trainer11_original
2026-05-20,debug_keys,train_muvo_2D.py,,,2,320x768,32x1024,-30.0x10.0,256,256,0.0001,0,OneCycleLR,2,"MUVO 2D-token RSSM (RSSMTD): 320x768 image input, 32x1024 LiDAR (out_indices=[1, 2, 3]), FPN→256ch, transformer L=3/h=4, RSSM h=256/z=256, action_loss=1.0, augment=True, kl_free_bits=True, FH=2, effective_hz=2.",,version_0 추가 인스턴스 (재시작/중단); max_step=0; @ alpha26/logs/debug_keys/version_0; 0-step no-op 재시작,
2026-05-14,muvo_one_window_overfit_1000,train_muvo.py,,,2.0,216x288,32x1024,-30.0x10.0,512,256,0.0001,2,OneCycleLR,1,"MUVO-style alpha: 320x800 center-cropped image input, 32x1024 LiDAR range-view with 40m scaling, ResNet18 multi-scale FPN to 256 channels, 3-layer sensor fusion transformer, RSSM h512/z256.",val/DS_loss=1.51; val/DS_rgb_psnr=6.543; val/DS_lidar_chamfer_xyz=12.65; val/DS_future_rgb_psnr=4.522,version_0 추가 인스턴스 (재시작/중단); max_step=2; @ alpha26/logs/muvo_one_window_overfit_1000/version_0,muvo_branch_post_migration
